Item ID,Item name,year,month,sales
H0001,ASTHALIN 400mg,2018,1,55
H0002,ALLERMIN SYRUP ,2018,1,42
H0003,AXCIL SYRUP,2018,1,59
H0004,ASTHALIN 200mg,2018,1,28
H0005,ALERID 10mg,2018,1,48
H0006,AZEE 500mg,2018,1,37
H0007,AZEE 250mg,2018,1,95
H0008,ATOLIP 40mg,2018,1,29
H0009,ATOLIP 10mg,2018,1,150
H0010,ALRIN 180mg,2018,1,98
H0011,ASTHALIN INHALER,2018,1,77
H0012,ASTROCORT 1%,2018,1,27
H0013,BECOSULES CAPSULES,2018,1,15
H0014,BECOSULES SYRUP 200ml,2018,1,12
H0015,BECOZINC CAPSULES,2018,1,74
H0016,BIONA WOMAN,2018,1,11
H0017,BIO OIL 60,2018,1,7
H0018,BARAKA JOINTSAFE CAP,2018,1,16
H0019,BECO PLUS,2018,1,28
H0020,BACLON 5mg,2018,1,8
H0021,CEFEXIP SYRUP,2018,1,80
H0022,CLOXIL 250mg,2018,1,9
H0023,CLOXIL 500mg,2018,1,5
H0024,CURADERM CREAM,2018,1,14
H0025,CLEOW FACE WASH,2018,1,4
H0026,CEE TAB ORANGE,2018,1,5
H0027,CIPLOX EYE DROPS,2018,1,104
H0028,DUMESULES,2018,1,8
H0029,DICLOGEN 50mg,2018,1,25
H0030,DP HALER,2018,1,34
H0031,DICLOGEN CREAM,2018,1,76
H0032,EMPA 10mg,2018,1,60
H0033,EMPA 25mg,2018,1,12
H0034,ENFAGROW A+,2018,1,8
H0035,FACIA WOMAN,2018,1,16
H0036,FACIA MEN,2018,1,10
H0037,FORACORT 400mg,2018,1,62
H0038,GLOW COLLAGEN,2018,1,32
H0039,GLUCERNA MILK,2018,1,13
H0040,IONAC GEL,2018,1,250
H0041,VITAGEN MILK,2018,1,48
H0042,VOLTRAN GEL,2018,1,38
H0043,VITAMIN B COMPLEX,2018,1,104
H0044,WINTERPAN CREAM 30g,2018,1,120
H0045,WIN CREAM 30g,2018,1,92
H0046,WORMIN 500mg,2018,1,420
H0047,ZINCOVIT TAB,2018,1,56
H0048,ZAART 50mg,2018,1,140
H0049,ZAART 25mg,2018,1,158
H0050,ZAART H,2018,1,45
H0001,ASTHALIN 400mg,2018,2,69
H0002,ALLERMIN SYRUP ,2018,2,44
H0003,AXCIL SYRUP,2018,2,61
H0004,ASTHALIN 200mg,2018,2,26
H0005,ALERID 10mg,2018,2,50
H0006,AZEE 500mg,2018,2,35
H0007,AZEE 250mg,2018,2,98
H0008,ATOLIP 40mg,2018,2,34
H0009,ATOLIP 10mg,2018,2,153
H0010,ALRIN 180mg,2018,2,102
H0011,ASTHALIN INHALER,2018,2,74
H0012,ASTROCORT 1%,2018,2,26
H0013,BECOSULES CAPSULES,2018,2,18
H0014,BECOSULES SYRUP 200ml,2018,2,15
H0015,BECOZINC CAPSULES,2018,2,78
H0016,BIONA WOMAN,2018,2,14
H0017,BIO OIL 60,2018,2,9
H0018,BARAKA JOINTSAFE CAP,2018,2,19
H0019,BECO PLUS,2018,2,31
H0020,BACLON 5mg,2018,2,6
H0021,CEFEXIP SYRUP,2018,2,86
H0022,CLOXIL 250mg,2018,2,7
H0023,CLOXIL 500mg,2018,2,8
H0024,CURADERM CREAM,2018,2,16
H0025,CLEOW FACE WASH,2018,2,7
H0026,CEE TAB ORANGE,2018,2,9
H0027,CIPLOX EYE DROPS,2018,2,107
H0028,DUMESULES,2018,2,11
H0029,DICLOGEN 50mg,2018,2,27
H0030,DP HALER,2018,2,37
H0031,DICLOGEN CREAM,2018,2,80
H0032,EMPA 10mg,2018,2,59
H0033,EMPA 25mg,2018,2,15
H0034,ENFAGROW A+,2018,2,10
H0035,FACIA WOMAN,2018,2,15
H0036,FACIA MEN,2018,2,12
H0037,FORACORT 400mg,2018,2,65
H0038,GLOW COLLAGEN,2018,2,37
H0039,GLUCERNA MILK,2018,2,16
H0040,IONAC GEL,2018,2,256
H0041,VITAGEN MILK,2018,2,51
H0042,VOLTRAN GEL,2018,2,42
H0043,VITAMIN B COMPLEX,2018,2,107
H0044,WINTERPAN CREAM 30g,2018,2,123
H0045,WIN CREAM 30g,2018,2,97
H0046,WORMIN 500mg,2018,2,413
H0047,ZINCOVIT TAB,2018,2,58
H0048,ZAART 50mg,2018,2,139
H0049,ZAART 25mg,2018,2,162
H0050,ZAART H,2018,2,48
H0001,ASTHALIN 400mg,2018,3,73
H0002,ALLERMIN SYRUP ,2018,3,39
H0003,AXCIL SYRUP,2018,3,60
H0004,ASTHALIN 200mg,2018,3,29
H0005,ALERID 10mg,2018,3,51
H0006,AZEE 500mg,2018,3,35
H0007,AZEE 250mg,2018,3,101
H0008,ATOLIP 40mg,2018,3,37
H0009,ATOLIP 10mg,2018,3,151
H0010,ALRIN 180mg,2018,3,99
H0011,ASTHALIN INHALER,2018,3,79
H0012,ASTROCORT 1%,2018,3,28
H0013,BECOSULES CAPSULES,2018,3,14
H0014,BECOSULES SYRUP 200ml,2018,3,16
H0015,BECOZINC CAPSULES,2018,3,76
H0016,BIONA WOMAN,2018,3,12
H0017,BIO OIL 60,2018,3,11
H0018,BARAKA JOINTSAFE CAP,2018,3,15
H0019,BECO PLUS,2018,3,29
H0020,BACLON 5mg,2018,3,6
H0021,CEFEXIP SYRUP,2018,3,85
H0022,CLOXIL 250mg,2018,3,8
H0023,CLOXIL 500mg,2018,3,8
H0024,CURADERM CREAM,2018,3,16
H0025,CLEOW FACE WASH,2018,3,6
H0026,CEE TAB ORANGE,2018,3,8
H0027,CIPLOX EYE DROPS,2018,3,108
H0028,DUMESULES,2018,3,10
H0029,DICLOGEN 50mg,2018,3,27
H0030,DP HALER,2018,3,35
H0031,DICLOGEN CREAM,2018,3,80
H0032,EMPA 10mg,2018,3,60
H0033,EMPA 25mg,2018,3,14
H0034,ENFAGROW A+,2018,3,10
H0035,FACIA WOMAN,2018,3,15
H0036,FACIA MEN,2018,3,12
H0037,FORACORT 400mg,2018,3,62
H0038,GLOW COLLAGEN,2018,3,32
H0039,GLUCERNA MILK,2018,3,13
H0040,IONAC GEL,2018,3,250
H0041,VITAGEN MILK,2018,3,48
H0042,VOLTRAN GEL,2018,3,38
H0043,VITAMIN B COMPLEX,2018,3,104
H0044,WINTERPAN CREAM 30g,2018,3,120
H0045,WIN CREAM 30g,2018,3,90
H0046,WORMIN 500mg,2018,3,418
H0047,ZINCOVIT TAB,2018,3,54
H0048,ZAART 50mg,2018,3,141
H0049,ZAART 25mg,2018,3,158
H0050,ZAART H,2018,3,46
H0001,ASTHALIN 400mg,2018,4,66
H0002,ALLERMIN SYRUP ,2018,4,42
H0003,AXCIL SYRUP,2018,4,59
H0004,ASTHALIN 200mg,2018,4,26
H0005,ALERID 10mg,2018,4,50
H0006,AZEE 500mg,2018,4,35
H0007,AZEE 250mg,2018,4,98
H0008,ATOLIP 40mg,2018,4,34
H0009,ATOLIP 10mg,2018,4,151
H0010,ALRIN 180mg,2018,4,99
H0011,ASTHALIN INHALER,2018,4,79
H0012,ASTROCORT 1%,2018,4,28
H0013,BECOSULES CAPSULES,2018,4,18
H0014,BECOSULES SYRUP 200ml,2018,4,15
H0015,BECOZINC CAPSULES,2018,4,78
H0016,BIONA WOMAN,2018,4,14
H0017,BIO OIL 60,2018,4,7
H0018,BARAKA JOINTSAFE CAP,2018,4,16
H0019,BECO PLUS,2018,4,28
H0020,BACLON 5mg,2018,4,8
H0021,CEFEXIP SYRUP,2018,4,80
H0022,CLOXIL 250mg,2018,4,9
H0023,CLOXIL 500mg,2018,4,5
H0024,CURADERM CREAM,2018,4,14
H0025,CLEOW FACE WASH,2018,4,4
H0026,CEE TAB ORANGE,2018,4,5
H0027,CIPLOX EYE DROPS,2018,4,107
H0028,DUMESULES,2018,4,11
H0029,DICLOGEN 50mg,2018,4,27
H0030,DP HALER,2018,4,37
H0031,DICLOGEN CREAM,2018,4,80
H0032,EMPA 10mg,2018,4,59
H0033,EMPA 25mg,2018,4,15
H0034,ENFAGROW A+,2018,4,10
H0035,FACIA WOMAN,2018,4,15
H0036,FACIA MEN,2018,4,12
H0037,FORACORT 400mg,2018,4,65
H0038,GLOW COLLAGEN,2018,4,37
H0039,GLUCERNA MILK,2018,4,16
H0040,IONAC GEL,2018,4,255
H0041,VITAGEN MILK,2018,4,48
H0042,VOLTRAN GEL,2018,4,38
H0043,VITAMIN B COMPLEX,2018,4,104
H0044,WINTERPAN CREAM 30g,2018,4,123
H0045,WIN CREAM 30g,2018,4,97
H0046,WORMIN 500mg,2018,4,413
H0047,ZINCOVIT TAB,2018,4,57
H0048,ZAART 50mg,2018,4,139
H0049,ZAART 25mg,2018,4,160
H0050,ZAART H,2018,4,51
H0001,ASTHALIN 400mg,2018,5,67
H0002,ALLERMIN SYRUP ,2018,5,46
H0003,AXCIL SYRUP,2018,5,61
H0004,ASTHALIN 200mg,2018,5,25
H0005,ALERID 10mg,2018,5,47
H0006,AZEE 500mg,2018,5,38
H0007,AZEE 250mg,2018,5,101
H0008,ATOLIP 40mg,2018,5,37
H0009,ATOLIP 10mg,2018,5,151
H0010,ALRIN 180mg,2018,5,100
H0011,ASTHALIN INHALER,2018,5,76
H0012,ASTROCORT 1%,2018,5,27
H0013,BECOSULES CAPSULES,2018,5,16
H0014,BECOSULES SYRUP 200ml,2018,5,14
H0015,BECOZINC CAPSULES,2018,5,77
H0016,BIONA WOMAN,2018,5,13
H0017,BIO OIL 60,2018,5,10
H0018,BARAKA JOINTSAFE CAP,2018,5,18
H0019,BECO PLUS,2018,5,30
H0020,BACLON 5mg,2018,5,7
H0021,CEFEXIP SYRUP,2018,5,82
H0022,CLOXIL 250mg,2018,5,10
H0023,CLOXIL 500mg,2018,5,6
H0024,CURADERM CREAM,2018,5,15
H0025,CLEOW FACE WASH,2018,5,5
H0026,CEE TAB ORANGE,2018,5,10
H0027,CIPLOX EYE DROPS,2018,5,105
H0028,DUMESULES,2018,5,9
H0029,DICLOGEN 50mg,2018,5,28
H0030,DP HALER,2018,5,34
H0031,DICLOGEN CREAM,2018,5,78
H0032,EMPA 10mg,2018,5,61
H0033,EMPA 25mg,2018,5,12
H0034,ENFAGROW A+,2018,5,8
H0035,FACIA WOMAN,2018,5,16
H0036,FACIA MEN,2018,5,10
H0037,FORACORT 400mg,2018,5,62
H0038,GLOW COLLAGEN,2018,5,32
H0039,GLUCERNA MILK,2018,5,14
H0040,IONAC GEL,2018,5,254
H0041,VITAGEN MILK,2018,5,49
H0042,VOLTRAN GEL,2018,5,37
H0043,VITAMIN B COMPLEX,2018,5,106
H0044,WINTERPAN CREAM 30g,2018,5,122
H0045,WIN CREAM 30g,2018,5,93
H0046,WORMIN 500mg,2018,5,419
H0047,ZINCOVIT TAB,2018,5,55
H0048,ZAART 50mg,2018,5,138
H0049,ZAART 25mg,2018,5,158
H0050,ZAART H,2018,5,50
H0001,ASTHALIN 400mg,2018,6,65
H0002,ALLERMIN SYRUP ,2018,6,40
H0003,AXCIL SYRUP,2018,6,59
H0004,ASTHALIN 200mg,2018,6,28
H0005,ALERID 10mg,2018,6,48
H0006,AZEE 500mg,2018,6,37
H0007,AZEE 250mg,2018,6,98
H0008,ATOLIP 40mg,2018,6,34
H0009,ATOLIP 10mg,2018,6,153
H0010,ALRIN 180mg,2018,6,102
H0011,ASTHALIN INHALER,2018,6,74
H0012,ASTROCORT 1%,2018,6,26
H0013,BECOSULES CAPSULES,2018,6,18
H0014,BECOSULES SYRUP 200ml,2018,6,15
H0015,BECOZINC CAPSULES,2018,6,78
H0016,BIONA WOMAN,2018,6,14
H0017,BIO OIL 60,2018,6,9
H0018,BARAKA JOINTSAFE CAP,2018,6,19
H0019,BECO PLUS,2018,6,31
H0020,BACLON 5mg,2018,6,6
H0021,CEFEXIP SYRUP,2018,6,83
H0022,CLOXIL 250mg,2018,6,8
H0023,CLOXIL 500mg,2018,6,5
H0024,CURADERM CREAM,2018,6,14
H0025,CLEOW FACE WASH,2018,6,4
H0026,CEE TAB ORANGE,2018,6,5
H0027,CIPLOX EYE DROPS,2018,6,106
H0028,DUMESULES,2018,6,11
H0029,DICLOGEN 50mg,2018,6,27
H0030,DP HALER,2018,6,37
H0031,DICLOGEN CREAM,2018,6,80
H0032,EMPA 10mg,2018,6,59
H0033,EMPA 25mg,2018,6,15
H0034,ENFAGROW A+,2018,6,10
H0035,FACIA WOMAN,2018,6,15
H0036,FACIA MEN,2018,6,9
H0037,FORACORT 400mg,2018,6,61
H0038,GLOW COLLAGEN,2018,6,34
H0039,GLUCERNA MILK,2018,6,15
H0040,IONAC GEL,2018,6,252
H0041,VITAGEN MILK,2018,6,47
H0042,VOLTRAN GEL,2018,6,40
H0043,VITAMIN B COMPLEX,2018,6,103
H0044,WINTERPAN CREAM 30g,2018,6,121
H0045,WIN CREAM 30g,2018,6,94
H0046,WORMIN 500mg,2018,6,421
H0047,ZINCOVIT TAB,2018,6,56
H0048,ZAART 50mg,2018,6,137
H0049,ZAART 25mg,2018,6,161
H0050,ZAART H,2018,6,47
H0001,ASTHALIN 400mg,2018,7,74
H0002,ALLERMIN SYRUP ,2018,7,41
H0003,AXCIL SYRUP,2018,7,61
H0004,ASTHALIN 200mg,2018,7,27
H0005,ALERID 10mg,2018,7,50
H0006,AZEE 500mg,2018,7,35
H0007,AZEE 250mg,2018,7,98
H0008,ATOLIP 40mg,2018,7,34
H0009,ATOLIP 10mg,2018,7,152
H0010,ALRIN 180mg,2018,7,102
H0011,ASTHALIN INHALER,2018,7,73
H0012,ASTROCORT 1%,2018,7,26
H0013,BECOSULES CAPSULES,2018,7,17
H0014,BECOSULES SYRUP 200ml,2018,7,15
H0015,BECOZINC CAPSULES,2018,7,79
H0016,BIONA WOMAN,2018,7,14
H0017,BIO OIL 60,2018,7,8
H0018,BARAKA JOINTSAFE CAP,2018,7,19
H0019,BECO PLUS,2018,7,31
H0020,BACLON 5mg,2018,7,6
H0021,CEFEXIP SYRUP,2018,7,86
H0022,CLOXIL 250mg,2018,7,7
H0023,CLOXIL 500mg,2018,7,8
H0024,CURADERM CREAM,2018,7,16
H0025,CLEOW FACE WASH,2018,7,7
H0026,CEE TAB ORANGE,2018,7,9
H0027,CIPLOX EYE DROPS,2018,7,108
H0028,DUMESULES,2018,7,11
H0029,DICLOGEN 50mg,2018,7,27
H0030,DP HALER,2018,7,37
H0031,DICLOGEN CREAM,2018,7,80
H0032,EMPA 10mg,2018,7,59
H0033,EMPA 25mg,2018,7,15
H0034,ENFAGROW A+,2018,7,10
H0035,FACIA WOMAN,2018,7,15
H0036,FACIA MEN,2018,7,12
H0037,FORACORT 400mg,2018,7,65
H0038,GLOW COLLAGEN,2018,7,37
H0039,GLUCERNA MILK,2018,7,16
H0040,IONAC GEL,2018,7,256
H0041,VITAGEN MILK,2018,7,51
H0042,VOLTRAN GEL,2018,7,42
H0043,VITAMIN B COMPLEX,2018,7,107
H0044,WINTERPAN CREAM 30g,2018,7,123
H0045,WIN CREAM 30g,2018,7,97
H0046,WORMIN 500mg,2018,7,413
H0047,ZINCOVIT TAB,2018,7,58
H0048,ZAART 50mg,2018,7,139
H0049,ZAART 25mg,2018,7,162
H0050,ZAART H,2018,7,48
H0001,ASTHALIN 400mg,2018,8,76
H0002,ALLERMIN SYRUP ,2018,8,39
H0003,AXCIL SYRUP,2018,8,60
H0004,ASTHALIN 200mg,2018,8,29
H0005,ALERID 10mg,2018,8,51
H0006,AZEE 500mg,2018,8,35
H0007,AZEE 250mg,2018,8,101
H0008,ATOLIP 40mg,2018,8,37
H0009,ATOLIP 10mg,2018,8,151
H0010,ALRIN 180mg,2018,8,99
H0011,ASTHALIN INHALER,2018,8,79
H0012,ASTROCORT 1%,2018,8,28
H0013,BECOSULES CAPSULES,2018,8,14
H0014,BECOSULES SYRUP 200ml,2018,8,16
H0015,BECOZINC CAPSULES,2018,8,76
H0016,BIONA WOMAN,2018,8,12
H0017,BIO OIL 60,2018,8,11
H0018,BARAKA JOINTSAFE CAP,2018,8,15
H0019,BECO PLUS,2018,8,29
H0020,BACLON 5mg,2018,8,6
H0021,CEFEXIP SYRUP,2018,8,85
H0022,CLOXIL 250mg,2018,8,8
H0023,CLOXIL 500mg,2018,8,8
H0024,CURADERM CREAM,2018,8,16
H0025,CLEOW FACE WASH,2018,8,6
H0026,CEE TAB ORANGE,2018,8,8
H0027,CIPLOX EYE DROPS,2018,8,105
H0028,DUMESULES,2018,8,10
H0029,DICLOGEN 50mg,2018,8,27
H0030,DP HALER,2018,8,35
H0031,DICLOGEN CREAM,2018,8,80
H0032,EMPA 10mg,2018,8,60
H0033,EMPA 25mg,2018,8,14
H0034,ENFAGROW A+,2018,8,10
H0035,FACIA WOMAN,2018,8,15
H0036,FACIA MEN,2018,8,12
H0037,FORACORT 400mg,2018,8,62
H0038,GLOW COLLAGEN,2018,8,32
H0039,GLUCERNA MILK,2018,8,13
H0040,IONAC GEL,2018,8,251
H0041,VITAGEN MILK,2018,8,50
H0042,VOLTRAN GEL,2018,8,39
H0043,VITAMIN B COMPLEX,2018,8,104
H0044,WINTERPAN CREAM 30g,2018,8,120
H0045,WIN CREAM 30g,2018,8,90
H0046,WORMIN 500mg,2018,8,418
H0047,ZINCOVIT TAB,2018,8,54
H0048,ZAART 50mg,2018,8,141
H0049,ZAART 25mg,2018,8,158
H0050,ZAART H,2018,8,45
H0001,ASTHALIN 400mg,2018,9,65
H0002,ALLERMIN SYRUP ,2018,9,42
H0003,AXCIL SYRUP,2018,9,59
H0004,ASTHALIN 200mg,2018,9,28
H0005,ALERID 10mg,2018,9,48
H0006,AZEE 500mg,2018,9,37
H0007,AZEE 250mg,2018,9,96
H0008,ATOLIP 40mg,2018,9,29
H0009,ATOLIP 10mg,2018,9,150
H0010,ALRIN 180mg,2018,9,98
H0011,ASTHALIN INHALER,2018,9,77
H0012,ASTROCORT 1%,2018,9,27
H0013,BECOSULES CAPSULES,2018,9,15
H0014,BECOSULES SYRUP 200ml,2018,9,12
H0015,BECOZINC CAPSULES,2018,9,75
H0016,BIONA WOMAN,2018,9,11
H0017,BIO OIL 60,2018,9,7
H0018,BARAKA JOINTSAFE CAP,2018,9,16
H0019,BECO PLUS,2018,9,28
H0020,BACLON 5mg,2018,9,8
H0021,CEFEXIP SYRUP,2018,9,81
H0022,CLOXIL 250mg,2018,9,9
H0023,CLOXIL 500mg,2018,9,5
H0024,CURADERM CREAM,2018,9,14
H0025,CLEOW FACE WASH,2018,9,4
H0026,CEE TAB ORANGE,2018,9,5
H0027,CIPLOX EYE DROPS,2018,9,104
H0028,DUMESULES,2018,9,8
H0029,DICLOGEN 50mg,2018,9,25
H0030,DP HALER,2018,9,34
H0031,DICLOGEN CREAM,2018,9,76
H0032,EMPA 10mg,2018,9,60
H0033,EMPA 25mg,2018,9,12
H0034,ENFAGROW A+,2018,9,8
H0035,FACIA WOMAN,2018,9,16
H0036,FACIA MEN,2018,9,10
H0037,FORACORT 400mg,2018,9,62
H0038,GLOW COLLAGEN,2018,9,32
H0039,GLUCERNA MILK,2018,9,13
H0040,IONAC GEL,2018,9,250
H0041,VITAGEN MILK,2018,9,48
H0042,VOLTRAN GEL,2018,9,38
H0043,VITAMIN B COMPLEX,2018,9,104
H0044,WINTERPAN CREAM 30g,2018,9,120
H0045,WIN CREAM 30g,2018,9,92
H0046,WORMIN 500mg,2018,9,420
H0047,ZINCOVIT TAB,2018,9,56
H0048,ZAART 50mg,2018,9,140
H0049,ZAART 25mg,2018,9,158
H0050,ZAART H,2018,9,45
H0001,ASTHALIN 400mg,2018,10,70
H0002,ALLERMIN SYRUP ,2018,10,40
H0003,AXCIL SYRUP,2018,10,59
H0004,ASTHALIN 200mg,2018,10,28
H0005,ALERID 10mg,2018,10,48
H0006,AZEE 500mg,2018,10,37
H0007,AZEE 250mg,2018,10,98
H0008,ATOLIP 40mg,2018,10,34
H0009,ATOLIP 10mg,2018,10,153
H0010,ALRIN 180mg,2018,10,102
H0011,ASTHALIN INHALER,2018,10,74
H0012,ASTROCORT 1%,2018,10,26
H0013,BECOSULES CAPSULES,2018,10,18
H0014,BECOSULES SYRUP 200ml,2018,10,15
H0015,BECOZINC CAPSULES,2018,10,78
H0016,BIONA WOMAN,2018,10,14
H0017,BIO OIL 60,2018,10,9
H0018,BARAKA JOINTSAFE CAP,2018,10,19
H0019,BECO PLUS,2018,10,29
H0020,BACLON 5mg,2018,10,6
H0021,CEFEXIP SYRUP,2018,10,85
H0022,CLOXIL 250mg,2018,10,8
H0023,CLOXIL 500mg,2018,10,8
H0024,CURADERM CREAM,2018,10,16
H0025,CLEOW FACE WASH,2018,10,6
H0026,CEE TAB ORANGE,2018,10,8
H0027,CIPLOX EYE DROPS,2018,10,108
H0028,DUMESULES,2018,10,9
H0029,DICLOGEN 50mg,2018,10,28
H0030,DP HALER,2018,10,34
H0031,DICLOGEN CREAM,2018,10,78
H0032,EMPA 10mg,2018,10,61
H0033,EMPA 25mg,2018,10,12
H0034,ENFAGROW A+,2018,10,8
H0035,FACIA WOMAN,2018,10,16
H0036,FACIA MEN,2018,10,10
H0037,FORACORT 400mg,2018,10,62
H0038,GLOW COLLAGEN,2018,10,32
H0039,GLUCERNA MILK,2018,10,14
H0040,IONAC GEL,2018,10,254
H0041,VITAGEN MILK,2018,10,49
H0042,VOLTRAN GEL,2018,10,37
H0043,VITAMIN B COMPLEX,2018,10,106
H0044,WINTERPAN CREAM 30g,2018,10,122
H0045,WIN CREAM 30g,2018,10,96
H0046,WORMIN 500mg,2018,10,415
H0047,ZINCOVIT TAB,2018,10,58
H0048,ZAART 50mg,2018,10,139
H0049,ZAART 25mg,2018,10,162
H0050,ZAART H,2018,10,49
H0001,ASTHALIN 400mg,2018,11,62
H0002,ALLERMIN SYRUP ,2018,11,42
H0003,AXCIL SYRUP,2018,11,59
H0004,ASTHALIN 200mg,2018,11,26
H0005,ALERID 10mg,2018,11,50
H0006,AZEE 500mg,2018,11,36
H0007,AZEE 250mg,2018,11,97
H0008,ATOLIP 40mg,2018,11,30
H0009,ATOLIP 10mg,2018,11,154
H0010,ALRIN 180mg,2018,11,101
H0011,ASTHALIN INHALER,2018,11,77
H0012,ASTROCORT 1%,2018,11,28
H0013,BECOSULES CAPSULES,2018,11,17
H0014,BECOSULES SYRUP 200ml,2018,11,15
H0015,BECOZINC CAPSULES,2018,11,79
H0016,BIONA WOMAN,2018,11,14
H0017,BIO OIL 60,2018,11,8
H0018,BARAKA JOINTSAFE CAP,2018,11,19
H0019,BECO PLUS,2018,11,31
H0020,BACLON 5mg,2018,11,6
H0021,CEFEXIP SYRUP,2018,11,86
H0022,CLOXIL 250mg,2018,11,7
H0023,CLOXIL 500mg,2018,11,8
H0024,CURADERM CREAM,2018,11,16
H0025,CLEOW FACE WASH,2018,11,7
H0026,CEE TAB ORANGE,2018,11,9
H0027,CIPLOX EYE DROPS,2018,11,107
H0028,DUMESULES,2018,11,11
H0029,DICLOGEN 50mg,2018,11,27
H0030,DP HALER,2018,11,37
H0031,DICLOGEN CREAM,2018,11,80
H0032,EMPA 10mg,2018,11,59
H0033,EMPA 25mg,2018,11,15
H0034,ENFAGROW A+,2018,11,10
H0035,FACIA WOMAN,2018,11,15
H0036,FACIA MEN,2018,11,9
H0037,FORACORT 400mg,2018,11,61
H0038,GLOW COLLAGEN,2018,11,34
H0039,GLUCERNA MILK,2018,11,15
H0040,IONAC GEL,2018,11,252
H0041,VITAGEN MILK,2018,11,47
H0042,VOLTRAN GEL,2018,11,40
H0043,VITAMIN B COMPLEX,2018,11,103
H0044,WINTERPAN CREAM 30g,2018,11,121
H0045,WIN CREAM 30g,2018,11,94
H0046,WORMIN 500mg,2018,11,421
H0047,ZINCOVIT TAB,2018,11,56
H0048,ZAART 50mg,2018,11,137
H0049,ZAART 25mg,2018,11,161
H0050,ZAART H,2018,11,46
H0001,ASTHALIN 400mg,2018,12,69
H0002,ALLERMIN SYRUP ,2018,12,44
H0003,AXCIL SYRUP,2018,12,61
H0004,ASTHALIN 200mg,2018,12,26
H0005,ALERID 10mg,2018,12,50
H0006,AZEE 500mg,2018,12,35
H0007,AZEE 250mg,2018,12,98
H0008,ATOLIP 40mg,2018,12,34
H0009,ATOLIP 10mg,2018,12,153
H0010,ALRIN 180mg,2018,12,102
H0011,ASTHALIN INHALER,2018,12,74
H0012,ASTROCORT 1%,2018,12,26
H0013,BECOSULES CAPSULES,2018,12,18
H0014,BECOSULES SYRUP 200ml,2018,12,15
H0015,BECOZINC CAPSULES,2018,12,78
H0016,BIONA WOMAN,2018,12,14
H0017,BIO OIL 60,2018,12,9
H0018,BARAKA JOINTSAFE CAP,2018,12,19
H0019,BECO PLUS,2018,12,31
H0020,BACLON 5mg,2018,12,6
H0021,CEFEXIP SYRUP,2018,12,86
H0022,CLOXIL 250mg,2018,12,7
H0023,CLOXIL 500mg,2018,12,8
H0024,CURADERM CREAM,2018,12,16
H0025,CLEOW FACE WASH,2018,12,7
H0026,CEE TAB ORANGE,2018,12,9
H0027,CIPLOX EYE DROPS,2018,12,107
H0028,DUMESULES,2018,12,11
H0029,DICLOGEN 50mg,2018,12,27
H0030,DP HALER,2018,12,37
H0031,DICLOGEN CREAM,2018,12,80
H0032,EMPA 10mg,2018,12,59
H0033,EMPA 25mg,2018,12,15
H0034,ENFAGROW A+,2018,12,10
H0035,FACIA WOMAN,2018,12,15
H0036,FACIA MEN,2018,12,12
H0037,FORACORT 400mg,2018,12,65
H0038,GLOW COLLAGEN,2018,12,37
H0039,GLUCERNA MILK,2018,12,16
H0040,IONAC GEL,2018,12,256
H0041,VITAGEN MILK,2018,12,51
H0042,VOLTRAN GEL,2018,12,42
H0043,VITAMIN B COMPLEX,2018,12,107
H0044,WINTERPAN CREAM 30g,2018,12,123
H0045,WIN CREAM 30g,2018,12,97
H0046,WORMIN 500mg,2018,12,413
H0047,ZINCOVIT TAB,2018,12,58
H0048,ZAART 50mg,2018,12,139
H0049,ZAART 25mg,2018,12,162
H0050,ZAART H,2018,12,48
H0001,ASTHALIN 400mg,2019,1,72
H0002,ALLERMIN SYRUP ,2019,1,48
H0003,AXCIL SYRUP,2019,1,63
H0004,ASTHALIN 200mg,2019,1,26
H0005,ALERID 10mg,2019,1,54
H0006,AZEE 500mg,2019,1,38
H0007,AZEE 250mg,2019,1,102
H0008,ATOLIP 40mg,2019,1,36
H0009,ATOLIP 10mg,2019,1,158
H0010,ALRIN 180mg,2019,1,102
H0011,ASTHALIN INHALER,2019,1,79
H0012,ASTROCORT 1%,2019,1,28
H0013,BECOSULES CAPSULES,2019,1,18
H0014,BECOSULES SYRUP 200ml,2019,1,15
H0015,BECOZINC CAPSULES,2019,1,78
H0016,BIONA WOMAN,2019,1,14
H0017,BIO OIL 60,2019,1,9
H0018,BARAKA JOINTSAFE CAP,2019,1,19
H0019,BECO PLUS,2019,1,31
H0020,BACLON 5mg,2019,1,6
H0021,CEFEXIP SYRUP,2019,1,88
H0022,CLOXIL 250mg,2019,1,7
H0023,CLOXIL 500mg,2019,1,8
H0024,CURADERM CREAM,2019,1,16
H0025,CLEOW FACE WASH,2019,1,7
H0026,CEE TAB ORANGE,2019,1,9
H0027,CIPLOX EYE DROPS,2019,1,107
H0028,DUMESULES,2019,1,11
H0029,DICLOGEN 50mg,2019,1,27
H0030,DP HALER,2019,1,37
H0031,DICLOGEN CREAM,2019,1,80
H0032,EMPA 10mg,2019,1,59
H0033,EMPA 25mg,2019,1,15
H0034,ENFAGROW A+,2019,1,10
H0035,FACIA WOMAN,2019,1,15
H0036,FACIA MEN,2019,1,12
H0037,FORACORT 400mg,2019,1,65
H0038,GLOW COLLAGEN,2019,1,37
H0039,GLUCERNA MILK,2019,1,16
H0040,IONAC GEL,2019,1,256
H0041,VITAGEN MILK,2019,1,51
H0042,VOLTRAN GEL,2019,1,42
H0043,VITAMIN B COMPLEX,2019,1,107
H0044,WINTERPAN CREAM 30g,2019,1,123
H0045,WIN CREAM 30g,2019,1,97
H0046,WORMIN 500mg,2019,1,415
H0047,ZINCOVIT TAB,2019,1,58
H0048,ZAART 50mg,2019,1,139
H0049,ZAART 25mg,2019,1,162
H0050,ZAART H,2019,1,53
H0001,ASTHALIN 400mg,2019,2,72
H0002,ALLERMIN SYRUP ,2019,2,49
H0003,AXCIL SYRUP,2019,2,65
H0004,ASTHALIN 200mg,2019,2,25
H0005,ALERID 10mg,2019,2,57
H0006,AZEE 500mg,2019,2,39
H0007,AZEE 250mg,2019,2,106
H0008,ATOLIP 40mg,2019,2,37
H0009,ATOLIP 10mg,2019,2,162
H0010,ALRIN 180mg,2019,2,108
H0011,ASTHALIN INHALER,2019,2,81
H0012,ASTROCORT 1%,2019,2,32
H0013,BECOSULES CAPSULES,2019,2,21
H0014,BECOSULES SYRUP 200ml,2019,2,16
H0015,BECOZINC CAPSULES,2019,2,81
H0016,BIONA WOMAN,2019,2,17
H0017,BIO OIL 60,2019,2,11
H0018,BARAKA JOINTSAFE CAP,2019,2,23
H0019,BECO PLUS,2019,2,34
H0020,BACLON 5mg,2019,2,10
H0021,CEFEXIP SYRUP,2019,2,88
H0022,CLOXIL 250mg,2019,2,9
H0023,CLOXIL 500mg,2019,2,9
H0024,CURADERM CREAM,2019,2,17
H0025,CLEOW FACE WASH,2019,2,8
H0026,CEE TAB ORANGE,2019,2,11
H0027,CIPLOX EYE DROPS,2019,2,109
H0028,DUMESULES,2019,2,13
H0029,DICLOGEN 50mg,2019,2,28
H0030,DP HALER,2019,2,38
H0031,DICLOGEN CREAM,2019,2,82
H0032,EMPA 10mg,2019,2,62
H0033,EMPA 25mg,2019,2,18
H0034,ENFAGROW A+,2019,2,14
H0035,FACIA WOMAN,2019,2,19
H0036,FACIA MEN,2019,2,13
H0037,FORACORT 400mg,2019,2,66
H0038,GLOW COLLAGEN,2019,2,39
H0039,GLUCERNA MILK,2019,2,18
H0040,IONAC GEL,2019,2,261
H0041,VITAGEN MILK,2019,2,54
H0042,VOLTRAN GEL,2019,2,46
H0043,VITAMIN B COMPLEX,2019,2,110
H0044,WINTERPAN CREAM 30g,2019,2,128
H0045,WIN CREAM 30g,2019,2,100
H0046,WORMIN 500mg,2019,2,425
H0047,ZINCOVIT TAB,2019,2,68
H0048,ZAART 50mg,2019,2,146
H0049,ZAART 25mg,2019,2,166
H0050,ZAART H,2019,2,57
H0001,ASTHALIN 400mg,2019,3,76
H0002,ALLERMIN SYRUP ,2019,3,51
H0003,AXCIL SYRUP,2019,3,64
H0004,ASTHALIN 200mg,2019,3,25
H0005,ALERID 10mg,2019,3,58
H0006,AZEE 500mg,2019,3,39
H0007,AZEE 250mg,2019,3,106
H0008,ATOLIP 40mg,2019,3,37
H0009,ATOLIP 10mg,2019,3,162
H0010,ALRIN 180mg,2019,3,108
H0011,ASTHALIN INHALER,2019,3,81
H0012,ASTROCORT 1%,2019,3,32
H0013,BECOSULES CAPSULES,2019,3,21
H0014,BECOSULES SYRUP 200ml,2019,3,16
H0015,BECOZINC CAPSULES,2019,3,81
H0016,BIONA WOMAN,2019,3,17
H0017,BIO OIL 60,2019,3,11
H0018,BARAKA JOINTSAFE CAP,2019,3,23
H0019,BECO PLUS,2019,3,34
H0020,BACLON 5mg,2019,3,10
H0021,CEFEXIP SYRUP,2019,3,89
H0022,CLOXIL 250mg,2019,3,10
H0023,CLOXIL 500mg,2019,3,11
H0024,CURADERM CREAM,2019,3,19
H0025,CLEOW FACE WASH,2019,3,10
H0026,CEE TAB ORANGE,2019,3,11
H0027,CIPLOX EYE DROPS,2019,3,112
H0028,DUMESULES,2019,3,13
H0029,DICLOGEN 50mg,2019,3,28
H0030,DP HALER,2019,3,38
H0031,DICLOGEN CREAM,2019,3,82
H0032,EMPA 10mg,2019,3,62
H0033,EMPA 25mg,2019,3,18
H0034,ENFAGROW A+,2019,3,14
H0035,FACIA WOMAN,2019,3,19
H0036,FACIA MEN,2019,3,14
H0037,FORACORT 400mg,2019,3,66
H0038,GLOW COLLAGEN,2019,3,41
H0039,GLUCERNA MILK,2019,3,18
H0040,IONAC GEL,2019,3,261
H0041,VITAGEN MILK,2019,3,54
H0042,VOLTRAN GEL,2019,3,46
H0043,VITAMIN B COMPLEX,2019,3,110
H0044,WINTERPAN CREAM 30g,2019,3,128
H0045,WIN CREAM 30g,2019,3,100
H0046,WORMIN 500mg,2019,3,425
H0047,ZINCOVIT TAB,2019,3,68
H0048,ZAART 50mg,2019,3,146
H0049,ZAART 25mg,2019,3,166
H0050,ZAART H,2019,3,56
H0001,ASTHALIN 400mg,2019,4,75
H0002,ALLERMIN SYRUP ,2019,4,52
H0003,AXCIL SYRUP,2019,4,66
H0004,ASTHALIN 200mg,2019,4,27
H0005,ALERID 10mg,2019,4,60
H0006,AZEE 500mg,2019,4,41
H0007,AZEE 250mg,2019,4,107
H0008,ATOLIP 40mg,2019,4,39
H0009,ATOLIP 10mg,2019,4,164
H0010,ALRIN 180mg,2019,4,109
H0011,ASTHALIN INHALER,2019,4,83
H0012,ASTROCORT 1%,2019,4,35
H0013,BECOSULES CAPSULES,2019,4,24
H0014,BECOSULES SYRUP 200ml,2019,4,19
H0015,BECOZINC CAPSULES,2019,4,83
H0016,BIONA WOMAN,2019,4,18
H0017,BIO OIL 60,2019,4,12
H0018,BARAKA JOINTSAFE CAP,2019,4,25
H0019,BECO PLUS,2019,4,36
H0020,BACLON 5mg,2019,4,11
H0021,CEFEXIP SYRUP,2019,4,92
H0022,CLOXIL 250mg,2019,4,12
H0023,CLOXIL 500mg,2019,4,12
H0024,CURADERM CREAM,2019,4,20
H0025,CLEOW FACE WASH,2019,4,11
H0026,CEE TAB ORANGE,2019,4,13
H0027,CIPLOX EYE DROPS,2019,4,114
H0028,DUMESULES,2019,4,15
H0029,DICLOGEN 50mg,2019,4,31
H0030,DP HALER,2019,4,39
H0031,DICLOGEN CREAM,2019,4,85
H0032,EMPA 10mg,2019,4,65
H0033,EMPA 25mg,2019,4,21
H0034,ENFAGROW A+,2019,4,18
H0035,FACIA WOMAN,2019,4,22
H0036,FACIA MEN,2019,4,16
H0037,FORACORT 400mg,2019,4,69
H0038,GLOW COLLAGEN,2019,4,45
H0039,GLUCERNA MILK,2019,4,21
H0040,IONAC GEL,2019,4,267
H0041,VITAGEN MILK,2019,4,57
H0042,VOLTRAN GEL,2019,4,47
H0043,VITAMIN B COMPLEX,2019,4,114
H0044,WINTERPAN CREAM 30g,2019,4,129
H0045,WIN CREAM 30g,2019,4,102
H0046,WORMIN 500mg,2019,4,429
H0047,ZINCOVIT TAB,2019,4,72
H0048,ZAART 50mg,2019,4,148
H0049,ZAART 25mg,2019,4,167
H0050,ZAART H,2019,4,58
H0001,ASTHALIN 400mg,2019,5,71
H0002,ALLERMIN SYRUP ,2019,5,53
H0003,AXCIL SYRUP,2019,5,64
H0004,ASTHALIN 200mg,2019,5,25
H0005,ALERID 10mg,2019,5,58
H0006,AZEE 500mg,2019,5,39
H0007,AZEE 250mg,2019,5,106
H0008,ATOLIP 40mg,2019,5,37
H0009,ATOLIP 10mg,2019,5,163
H0010,ALRIN 180mg,2019,5,108
H0011,ASTHALIN INHALER,2019,5,81
H0012,ASTROCORT 1%,2019,5,32
H0013,BECOSULES CAPSULES,2019,5,21
H0014,BECOSULES SYRUP 200ml,2019,5,16
H0015,BECOZINC CAPSULES,2019,5,81
H0016,BIONA WOMAN,2019,5,17
H0017,BIO OIL 60,2019,5,11
H0018,BARAKA JOINTSAFE CAP,2019,5,23
H0019,BECO PLUS,2019,5,34
H0020,BACLON 5mg,2019,5,10
H0021,CEFEXIP SYRUP,2019,5,89
H0022,CLOXIL 250mg,2019,5,10
H0023,CLOXIL 500mg,2019,5,11
H0024,CURADERM CREAM,2019,5,19
H0025,CLEOW FACE WASH,2019,5,10
H0026,CEE TAB ORANGE,2019,5,11
H0027,CIPLOX EYE DROPS,2019,5,112
H0028,DUMESULES,2019,5,13
H0029,DICLOGEN 50mg,2019,5,28
H0030,DP HALER,2019,5,38
H0031,DICLOGEN CREAM,2019,5,82
H0032,EMPA 10mg,2019,5,62
H0033,EMPA 25mg,2019,5,18
H0034,ENFAGROW A+,2019,5,14
H0035,FACIA WOMAN,2019,5,19
H0036,FACIA MEN,2019,5,14
H0037,FORACORT 400mg,2019,5,66
H0038,GLOW COLLAGEN,2019,5,41
H0039,GLUCERNA MILK,2019,5,18
H0040,IONAC GEL,2019,5,261
H0041,VITAGEN MILK,2019,5,54
H0042,VOLTRAN GEL,2019,5,46
H0043,VITAMIN B COMPLEX,2019,5,110
H0044,WINTERPAN CREAM 30g,2019,5,128
H0045,WIN CREAM 30g,2019,5,100
H0046,WORMIN 500mg,2019,5,428
H0047,ZINCOVIT TAB,2019,5,68
H0048,ZAART 50mg,2019,5,146
H0049,ZAART 25mg,2019,5,166
H0050,ZAART H,2019,5,59
H0001,ASTHALIN 400mg,2019,6,76
H0002,ALLERMIN SYRUP ,2019,6,54
H0003,AXCIL SYRUP,2019,6,65
H0004,ASTHALIN 200mg,2019,6,25
H0005,ALERID 10mg,2019,6,57
H0006,AZEE 500mg,2019,6,39
H0007,AZEE 250mg,2019,6,108
H0008,ATOLIP 40mg,2019,6,37
H0009,ATOLIP 10mg,2019,6,162
H0010,ALRIN 180mg,2019,6,110
H0011,ASTHALIN INHALER,2019,6,81
H0012,ASTROCORT 1%,2019,6,32
H0013,BECOSULES CAPSULES,2019,6,21
H0014,BECOSULES SYRUP 200ml,2019,6,16
H0015,BECOZINC CAPSULES,2019,6,81
H0016,BIONA WOMAN,2019,6,17
H0017,BIO OIL 60,2019,6,11
H0018,BARAKA JOINTSAFE CAP,2019,6,23
H0019,BECO PLUS,2019,6,34
H0020,BACLON 5mg,2019,6,10
H0021,CEFEXIP SYRUP,2019,6,88
H0022,CLOXIL 250mg,2019,6,9
H0023,CLOXIL 500mg,2019,6,9
H0024,CURADERM CREAM,2019,6,17
H0025,CLEOW FACE WASH,2019,6,8
H0026,CEE TAB ORANGE,2019,6,12
H0027,CIPLOX EYE DROPS,2019,6,109
H0028,DUMESULES,2019,6,13
H0029,DICLOGEN 50mg,2019,6,28
H0030,DP HALER,2019,6,38
H0031,DICLOGEN CREAM,2019,6,82
H0032,EMPA 10mg,2019,6,62
H0033,EMPA 25mg,2019,6,18
H0034,ENFAGROW A+,2019,6,14
H0035,FACIA WOMAN,2019,6,19
H0036,FACIA MEN,2019,6,13
H0037,FORACORT 400mg,2019,6,66
H0038,GLOW COLLAGEN,2019,6,39
H0039,GLUCERNA MILK,2019,6,18
H0040,IONAC GEL,2019,6,261
H0041,VITAGEN MILK,2019,6,54
H0042,VOLTRAN GEL,2019,6,46
H0043,VITAMIN B COMPLEX,2019,6,110
H0044,WINTERPAN CREAM 30g,2019,6,128
H0045,WIN CREAM 30g,2019,6,100
H0046,WORMIN 500mg,2019,6,427
H0047,ZINCOVIT TAB,2019,6,68
H0048,ZAART 50mg,2019,6,146
H0049,ZAART 25mg,2019,6,166
H0050,ZAART H,2019,6,57
H0001,ASTHALIN 400mg,2019,7,75
H0002,ALLERMIN SYRUP ,2019,7,52
H0003,AXCIL SYRUP,2019,7,66
H0004,ASTHALIN 200mg,2019,7,27
H0005,ALERID 10mg,2019,7,60
H0006,AZEE 500mg,2019,7,41
H0007,AZEE 250mg,2019,7,107
H0008,ATOLIP 40mg,2019,7,39
H0009,ATOLIP 10mg,2019,7,164
H0010,ALRIN 180mg,2019,7,109
H0011,ASTHALIN INHALER,2019,7,83
H0012,ASTROCORT 1%,2019,7,35
H0013,BECOSULES CAPSULES,2019,7,24
H0014,BECOSULES SYRUP 200ml,2019,7,19
H0015,BECOZINC CAPSULES,2019,7,83
H0016,BIONA WOMAN,2019,7,18
H0017,BIO OIL 60,2019,7,12
H0018,BARAKA JOINTSAFE CAP,2019,7,25
H0019,BECO PLUS,2019,7,36
H0020,BACLON 5mg,2019,7,11
H0021,CEFEXIP SYRUP,2019,7,92
H0022,CLOXIL 250mg,2019,7,12
H0023,CLOXIL 500mg,2019,7,12
H0024,CURADERM CREAM,2019,7,20
H0025,CLEOW FACE WASH,2019,7,11
H0026,CEE TAB ORANGE,2019,7,13
H0027,CIPLOX EYE DROPS,2019,7,114
H0028,DUMESULES,2019,7,15
H0029,DICLOGEN 50mg,2019,7,31
H0030,DP HALER,2019,7,39
H0031,DICLOGEN CREAM,2019,7,85
H0032,EMPA 10mg,2019,7,65
H0033,EMPA 25mg,2019,7,21
H0034,ENFAGROW A+,2019,7,18
H0035,FACIA WOMAN,2019,7,22
H0036,FACIA MEN,2019,7,16
H0037,FORACORT 400mg,2019,7,69
H0038,GLOW COLLAGEN,2019,7,45
H0039,GLUCERNA MILK,2019,7,21
H0040,IONAC GEL,2019,7,267
H0041,VITAGEN MILK,2019,7,57
H0042,VOLTRAN GEL,2019,7,47
H0043,VITAMIN B COMPLEX,2019,7,114
H0044,WINTERPAN CREAM 30g,2019,7,129
H0045,WIN CREAM 30g,2019,7,102
H0046,WORMIN 500mg,2019,7,429
H0047,ZINCOVIT TAB,2019,7,72
H0048,ZAART 50mg,2019,7,148
H0049,ZAART 25mg,2019,7,167
H0050,ZAART H,2019,7,58
H0001,ASTHALIN 400mg,2019,8,74
H0002,ALLERMIN SYRUP ,2019,8,53
H0003,AXCIL SYRUP,2019,8,64
H0004,ASTHALIN 200mg,2019,8,25
H0005,ALERID 10mg,2019,8,58
H0006,AZEE 500mg,2019,8,39
H0007,AZEE 250mg,2019,8,106
H0008,ATOLIP 40mg,2019,8,37
H0009,ATOLIP 10mg,2019,8,163
H0010,ALRIN 180mg,2019,8,108
H0011,ASTHALIN INHALER,2019,8,81
H0012,ASTROCORT 1%,2019,8,32
H0013,BECOSULES CAPSULES,2019,8,21
H0014,BECOSULES SYRUP 200ml,2019,8,16
H0015,BECOZINC CAPSULES,2019,8,81
H0016,BIONA WOMAN,2019,8,17
H0017,BIO OIL 60,2019,8,11
H0018,BARAKA JOINTSAFE CAP,2019,8,23
H0019,BECO PLUS,2019,8,34
H0020,BACLON 5mg,2019,8,10
H0021,CEFEXIP SYRUP,2019,8,89
H0022,CLOXIL 250mg,2019,8,10
H0023,CLOXIL 500mg,2019,8,11
H0024,CURADERM CREAM,2019,8,19
H0025,CLEOW FACE WASH,2019,8,10
H0026,CEE TAB ORANGE,2019,8,11
H0027,CIPLOX EYE DROPS,2019,8,112
H0028,DUMESULES,2019,8,13
H0029,DICLOGEN 50mg,2019,8,28
H0030,DP HALER,2019,8,38
H0031,DICLOGEN CREAM,2019,8,82
H0032,EMPA 10mg,2019,8,62
H0033,EMPA 25mg,2019,8,18
H0034,ENFAGROW A+,2019,8,14
H0035,FACIA WOMAN,2019,8,19
H0036,FACIA MEN,2019,8,14
H0037,FORACORT 400mg,2019,8,66
H0038,GLOW COLLAGEN,2019,8,41
H0039,GLUCERNA MILK,2019,8,18
H0040,IONAC GEL,2019,8,261
H0041,VITAGEN MILK,2019,8,54
H0042,VOLTRAN GEL,2019,8,46
H0043,VITAMIN B COMPLEX,2019,8,110
H0044,WINTERPAN CREAM 30g,2019,8,128
H0045,WIN CREAM 30g,2019,8,100
H0046,WORMIN 500mg,2019,8,428
H0047,ZINCOVIT TAB,2019,8,68
H0048,ZAART 50mg,2019,8,146
H0049,ZAART 25mg,2019,8,166
H0050,ZAART H,2019,8,59
H0001,ASTHALIN 400mg,2019,9,77
H0002,ALLERMIN SYRUP ,2019,9,55
H0003,AXCIL SYRUP,2019,9,67
H0004,ASTHALIN 200mg,2019,9,25
H0005,ALERID 10mg,2019,9,57
H0006,AZEE 500mg,2019,9,39
H0007,AZEE 250mg,2019,9,109
H0008,ATOLIP 40mg,2019,9,37
H0009,ATOLIP 10mg,2019,9,166
H0010,ALRIN 180mg,2019,9,110
H0011,ASTHALIN INHALER,2019,9,84
H0012,ASTROCORT 1%,2019,9,34
H0013,BECOSULES CAPSULES,2019,9,23
H0014,BECOSULES SYRUP 200ml,2019,9,18
H0015,BECOZINC CAPSULES,2019,9,83
H0016,BIONA WOMAN,2019,9,17
H0017,BIO OIL 60,2019,9,11
H0018,BARAKA JOINTSAFE CAP,2019,9,23
H0019,BECO PLUS,2019,9,34
H0020,BACLON 5mg,2019,9,10
H0021,CEFEXIP SYRUP,2019,9,91
H0022,CLOXIL 250mg,2019,9,9
H0023,CLOXIL 500mg,2019,9,9
H0024,CURADERM CREAM,2019,9,21
H0025,CLEOW FACE WASH,2019,9,12
H0026,CEE TAB ORANGE,2019,9,14
H0027,CIPLOX EYE DROPS,2019,9,116
H0028,DUMESULES,2019,9,16
H0029,DICLOGEN 50mg,2019,9,28
H0030,DP HALER,2019,9,38
H0031,DICLOGEN CREAM,2019,9,82
H0032,EMPA 10mg,2019,9,62
H0033,EMPA 25mg,2019,9,18
H0034,ENFAGROW A+,2019,9,14
H0035,FACIA WOMAN,2019,9,19
H0036,FACIA MEN,2019,9,13
H0037,FORACORT 400mg,2019,9,66
H0038,GLOW COLLAGEN,2019,9,39
H0039,GLUCERNA MILK,2019,9,18
H0040,IONAC GEL,2019,9,267
H0041,VITAGEN MILK,2019,9,54
H0042,VOLTRAN GEL,2019,9,48
H0043,VITAMIN B COMPLEX,2019,9,112
H0044,WINTERPAN CREAM 30g,2019,9,128
H0045,WIN CREAM 30g,2019,9,100
H0046,WORMIN 500mg,2019,9,430
H0047,ZINCOVIT TAB,2019,9,68
H0048,ZAART 50mg,2019,9,149
H0049,ZAART 25mg,2019,9,167
H0050,ZAART H,2019,9,60
H0001,ASTHALIN 400mg,2019,10,78
H0002,ALLERMIN SYRUP ,2019,10,56
H0003,AXCIL SYRUP,2019,10,67
H0004,ASTHALIN 200mg,2019,10,24
H0005,ALERID 10mg,2019,10,58
H0006,AZEE 500mg,2019,10,41
H0007,AZEE 250mg,2019,10,110
H0008,ATOLIP 40mg,2019,10,39
H0009,ATOLIP 10mg,2019,10,167
H0010,ALRIN 180mg,2019,10,112
H0011,ASTHALIN INHALER,2019,10,85
H0012,ASTROCORT 1%,2019,10,33
H0013,BECOSULES CAPSULES,2019,10,25
H0014,BECOSULES SYRUP 200ml,2019,10,17
H0015,BECOZINC CAPSULES,2019,10,84
H0016,BIONA WOMAN,2019,10,19
H0017,BIO OIL 60,2019,10,12
H0018,BARAKA JOINTSAFE CAP,2019,10,23
H0019,BECO PLUS,2019,10,37
H0020,BACLON 5mg,2019,10,10
H0021,CEFEXIP SYRUP,2019,10,92
H0022,CLOXIL 250mg,2019,10,11
H0023,CLOXIL 500mg,2019,10,10
H0024,CURADERM CREAM,2019,10,19
H0025,CLEOW FACE WASH,2019,10,14
H0026,CEE TAB ORANGE,2019,10,16
H0027,CIPLOX EYE DROPS,2019,10,116
H0028,DUMESULES,2019,10,17
H0029,DICLOGEN 50mg,2019,10,30
H0030,DP HALER,2019,10,41
H0031,DICLOGEN CREAM,2019,10,82
H0032,EMPA 10mg,2019,10,62
H0033,EMPA 25mg,2019,10,18
H0034,ENFAGROW A+,2019,10,14
H0035,FACIA WOMAN,2019,10,19
H0036,FACIA MEN,2019,10,13
H0037,FORACORT 400mg,2019,10,66
H0038,GLOW COLLAGEN,2019,10,39
H0039,GLUCERNA MILK,2019,10,18
H0040,IONAC GEL,2019,10,261
H0041,VITAGEN MILK,2019,10,54
H0042,VOLTRAN GEL,2019,10,46
H0043,VITAMIN B COMPLEX,2019,10,110
H0044,WINTERPAN CREAM 30g,2019,10,128
H0045,WIN CREAM 30g,2019,10,100
H0046,WORMIN 500mg,2019,10,429
H0047,ZINCOVIT TAB,2019,10,68
H0048,ZAART 50mg,2019,10,146
H0049,ZAART 25mg,2019,10,166
H0050,ZAART H,2019,10,60
H0001,ASTHALIN 400mg,2019,11,79
H0002,ALLERMIN SYRUP ,2019,11,57
H0003,AXCIL SYRUP,2019,11,68
H0004,ASTHALIN 200mg,2019,11,30
H0005,ALERID 10mg,2019,11,60
H0006,AZEE 500mg,2019,11,42
H0007,AZEE 250mg,2019,11,112
H0008,ATOLIP 40mg,2019,11,40
H0009,ATOLIP 10mg,2019,11,169
H0010,ALRIN 180mg,2019,11,113
H0011,ASTHALIN INHALER,2019,11,87
H0012,ASTROCORT 1%,2019,11,34
H0013,BECOSULES CAPSULES,2019,11,26
H0014,BECOSULES SYRUP 200ml,2019,11,18
H0015,BECOZINC CAPSULES,2019,11,83
H0016,BIONA WOMAN,2019,11,19
H0017,BIO OIL 60,2019,11,11
H0018,BARAKA JOINTSAFE CAP,2019,11,23
H0019,BECO PLUS,2019,11,34
H0020,BACLON 5mg,2019,11,10
H0021,CEFEXIP SYRUP,2019,11,91
H0022,CLOXIL 250mg,2019,11,9
H0023,CLOXIL 500mg,2019,11,9
H0024,CURADERM CREAM,2019,11,21
H0025,CLEOW FACE WASH,2019,11,12
H0026,CEE TAB ORANGE,2019,11,14
H0027,CIPLOX EYE DROPS,2019,11,116
H0028,DUMESULES,2019,11,16
H0029,DICLOGEN 50mg,2019,11,28
H0030,DP HALER,2019,11,38
H0031,DICLOGEN CREAM,2019,11,82
H0032,EMPA 10mg,2019,11,62
H0033,EMPA 25mg,2019,11,18
H0034,ENFAGROW A+,2019,11,14
H0035,FACIA WOMAN,2019,11,19
H0036,FACIA MEN,2019,11,13
H0037,FORACORT 400mg,2019,11,66
H0038,GLOW COLLAGEN,2019,11,39
H0039,GLUCERNA MILK,2019,11,18
H0040,IONAC GEL,2019,11,267
H0041,VITAGEN MILK,2019,11,54
H0042,VOLTRAN GEL,2019,11,48
H0043,VITAMIN B COMPLEX,2019,11,112
H0044,WINTERPAN CREAM 30g,2019,11,128
H0045,WIN CREAM 30g,2019,11,104
H0046,WORMIN 500mg,2019,11,431
H0047,ZINCOVIT TAB,2019,11,69
H0048,ZAART 50mg,2019,11,149
H0049,ZAART 25mg,2019,11,167
H0050,ZAART H,2019,11,62
H0001,ASTHALIN 400mg,2019,12,81
H0002,ALLERMIN SYRUP ,2019,12,60
H0003,AXCIL SYRUP,2019,12,69
H0004,ASTHALIN 200mg,2019,12,31
H0005,ALERID 10mg,2019,12,62
H0006,AZEE 500mg,2019,12,44
H0007,AZEE 250mg,2019,12,114
H0008,ATOLIP 40mg,2019,12,43
H0009,ATOLIP 10mg,2019,12,172
H0010,ALRIN 180mg,2019,12,116
H0011,ASTHALIN INHALER,2019,12,89
H0012,ASTROCORT 1%,2019,12,35
H0013,BECOSULES CAPSULES,2019,12,28
H0014,BECOSULES SYRUP 200ml,2019,12,20
H0015,BECOZINC CAPSULES,2019,12,86
H0016,BIONA WOMAN,2019,12,21
H0017,BIO OIL 60,2019,12,14
H0018,BARAKA JOINTSAFE CAP,2019,12,24
H0019,BECO PLUS,2019,12,36
H0020,BACLON 5mg,2019,12,12
H0021,CEFEXIP SYRUP,2019,12,94
H0022,CLOXIL 250mg,2019,12,13
H0023,CLOXIL 500mg,2019,12,11
H0024,CURADERM CREAM,2019,12,23
H0025,CLEOW FACE WASH,2019,12,14
H0026,CEE TAB ORANGE,2019,12,16
H0027,CIPLOX EYE DROPS,2019,12,118
H0028,DUMESULES,2019,12,18
H0029,DICLOGEN 50mg,2019,12,30
H0030,DP HALER,2019,12,41
H0031,DICLOGEN CREAM,2019,12,82
H0032,EMPA 10mg,2019,12,62
H0033,EMPA 25mg,2019,12,18
H0034,ENFAGROW A+,2019,12,14
H0035,FACIA WOMAN,2019,12,19
H0036,FACIA MEN,2019,12,14
H0037,FORACORT 400mg,2019,12,66
H0038,GLOW COLLAGEN,2019,12,41
H0039,GLUCERNA MILK,2019,12,18
H0040,IONAC GEL,2019,12,266
H0041,VITAGEN MILK,2019,12,56
H0042,VOLTRAN GEL,2019,12,49
H0043,VITAMIN B COMPLEX,2019,12,114
H0044,WINTERPAN CREAM 30g,2019,12,132
H0045,WIN CREAM 30g,2019,12,102
H0046,WORMIN 500mg,2019,12,432
H0047,ZINCOVIT TAB,2019,12,71
H0048,ZAART 50mg,2019,12,150
H0049,ZAART 25mg,2019,12,169
H0050,ZAART H,2019,12,62
H0001,ASTHALIN 400mg,2020,1,79
H0002,ALLERMIN SYRUP ,2020,1,57
H0003,AXCIL SYRUP,2020,1,68
H0004,ASTHALIN 200mg,2020,1,30
H0005,ALERID 10mg,2020,1,60
H0006,AZEE 500mg,2020,1,42
H0007,AZEE 250mg,2020,1,112
H0008,ATOLIP 40mg,2020,1,40
H0009,ATOLIP 10mg,2020,1,169
H0010,ALRIN 180mg,2020,1,113
H0011,ASTHALIN INHALER,2020,1,87
H0012,ASTROCORT 1%,2020,1,34
H0013,BECOSULES CAPSULES,2020,1,26
H0014,BECOSULES SYRUP 200ml,2020,1,18
H0015,BECOZINC CAPSULES,2020,1,83
H0016,BIONA WOMAN,2020,1,19
H0017,BIO OIL 60,2020,1,11
H0018,BARAKA JOINTSAFE CAP,2020,1,23
H0019,BECO PLUS,2020,1,34
H0020,BACLON 5mg,2020,1,10
H0021,CEFEXIP SYRUP,2020,1,91
H0022,CLOXIL 250mg,2020,1,10
H0023,CLOXIL 500mg,2020,1,9
H0024,CURADERM CREAM,2020,1,21
H0025,CLEOW FACE WASH,2020,1,12
H0026,CEE TAB ORANGE,2020,1,14
H0027,CIPLOX EYE DROPS,2020,1,116
H0028,DUMESULES,2020,1,16
H0029,DICLOGEN 50mg,2020,1,28
H0030,DP HALER,2020,1,38
H0031,DICLOGEN CREAM,2020,1,82
H0032,EMPA 10mg,2020,1,62
H0033,EMPA 25mg,2020,1,18
H0034,ENFAGROW A+,2020,1,14
H0035,FACIA WOMAN,2020,1,19
H0036,FACIA MEN,2020,1,13
H0037,FORACORT 400mg,2020,1,66
H0038,GLOW COLLAGEN,2020,1,39
H0039,GLUCERNA MILK,2020,1,18
H0040,IONAC GEL,2020,1,267
H0041,VITAGEN MILK,2020,1,54
H0042,VOLTRAN GEL,2020,1,48
H0043,VITAMIN B COMPLEX,2020,1,112
H0044,WINTERPAN CREAM 30g,2020,1,128
H0045,WIN CREAM 30g,2020,1,104
H0046,WORMIN 500mg,2020,1,431
H0047,ZINCOVIT TAB,2020,1,69
H0048,ZAART 50mg,2020,1,149
H0049,ZAART 25mg,2020,1,167
H0050,ZAART H,2020,1,62
H0001,ASTHALIN 400mg,2020,2,82
H0002,ALLERMIN SYRUP ,2020,2,57
H0003,AXCIL SYRUP,2020,2,68
H0004,ASTHALIN 200mg,2020,2,30
H0005,ALERID 10mg,2020,2,60
H0006,AZEE 500mg,2020,2,42
H0007,AZEE 250mg,2020,2,112
H0008,ATOLIP 40mg,2020,2,40
H0009,ATOLIP 10mg,2020,2,169
H0010,ALRIN 180mg,2020,2,113
H0011,ASTHALIN INHALER,2020,2,87
H0012,ASTROCORT 1%,2020,2,34
H0013,BECOSULES CAPSULES,2020,2,26
H0014,BECOSULES SYRUP 200ml,2020,2,18
H0015,BECOZINC CAPSULES,2020,2,83
H0016,BIONA WOMAN,2020,2,19
H0017,BIO OIL 60,2020,2,11
H0018,BARAKA JOINTSAFE CAP,2020,2,23
H0019,BECO PLUS,2020,2,34
H0020,BACLON 5mg,2020,2,10
H0021,CEFEXIP SYRUP,2020,2,91
H0022,CLOXIL 250mg,2020,2,9
H0023,CLOXIL 500mg,2020,2,9
H0024,CURADERM CREAM,2020,2,21
H0025,CLEOW FACE WASH,2020,2,12
H0026,CEE TAB ORANGE,2020,2,14
H0027,CIPLOX EYE DROPS,2020,2,116
H0028,DUMESULES,2020,2,16
H0029,DICLOGEN 50mg,2020,2,28
H0030,DP HALER,2020,2,38
H0031,DICLOGEN CREAM,2020,2,82
H0032,EMPA 10mg,2020,2,62
H0033,EMPA 25mg,2020,2,18
H0034,ENFAGROW A+,2020,2,14
H0035,FACIA WOMAN,2020,2,19
H0036,FACIA MEN,2020,2,13
H0037,FORACORT 400mg,2020,2,66
H0038,GLOW COLLAGEN,2020,2,39
H0039,GLUCERNA MILK,2020,2,18
H0040,IONAC GEL,2020,2,267
H0041,VITAGEN MILK,2020,2,54
H0042,VOLTRAN GEL,2020,2,48
H0043,VITAMIN B COMPLEX,2020,2,112
H0044,WINTERPAN CREAM 30g,2020,2,128
H0045,WIN CREAM 30g,2020,2,104
H0046,WORMIN 500mg,2020,2,431
H0047,ZINCOVIT TAB,2020,2,69
H0048,ZAART 50mg,2020,2,149
H0049,ZAART 25mg,2020,2,167
H0050,ZAART H,2020,2,62
H0001,ASTHALIN 400mg,2020,3,76
H0002,ALLERMIN SYRUP ,2020,3,54
H0003,AXCIL SYRUP,2020,3,65
H0004,ASTHALIN 200mg,2020,3,25
H0005,ALERID 10mg,2020,3,57
H0006,AZEE 500mg,2020,3,39
H0007,AZEE 250mg,2020,3,108
H0008,ATOLIP 40mg,2020,3,37
H0009,ATOLIP 10mg,2020,3,162
H0010,ALRIN 180mg,2020,3,110
H0011,ASTHALIN INHALER,2020,3,81
H0012,ASTROCORT 1%,2020,3,32
H0013,BECOSULES CAPSULES,2020,3,21
H0014,BECOSULES SYRUP 200ml,2020,3,16
H0015,BECOZINC CAPSULES,2020,3,81
H0016,BIONA WOMAN,2020,3,17
H0017,BIO OIL 60,2020,3,11
H0018,BARAKA JOINTSAFE CAP,2020,3,23
H0019,BECO PLUS,2020,3,34
H0020,BACLON 5mg,2020,3,10
H0021,CEFEXIP SYRUP,2020,3,88
H0022,CLOXIL 250mg,2020,3,9
H0023,CLOXIL 500mg,2020,3,9
H0024,CURADERM CREAM,2020,3,17
H0025,CLEOW FACE WASH,2020,3,8
H0026,CEE TAB ORANGE,2020,3,12
H0027,CIPLOX EYE DROPS,2020,3,109
H0028,DUMESULES,2020,3,13
H0029,DICLOGEN 50mg,2020,3,28
H0030,DP HALER,2020,3,38
H0031,DICLOGEN CREAM,2020,3,82
H0032,EMPA 10mg,2020,3,62
H0033,EMPA 25mg,2020,3,18
H0034,ENFAGROW A+,2020,3,14
H0035,FACIA WOMAN,2020,3,19
H0036,FACIA MEN,2020,3,13
H0037,FORACORT 400mg,2020,3,66
H0038,GLOW COLLAGEN,2020,3,39
H0039,GLUCERNA MILK,2020,3,18
H0040,IONAC GEL,2020,3,261
H0041,VITAGEN MILK,2020,3,54
H0042,VOLTRAN GEL,2020,3,46
H0043,VITAMIN B COMPLEX,2020,3,110
H0044,WINTERPAN CREAM 30g,2020,3,128
H0045,WIN CREAM 30g,2020,3,100
H0046,WORMIN 500mg,2020,3,427
H0047,ZINCOVIT TAB,2020,3,68
H0048,ZAART 50mg,2020,3,146
H0049,ZAART 25mg,2020,3,166
H0050,ZAART H,2020,3,57
H0001,ASTHALIN 400mg,2020,4,68
H0002,ALLERMIN SYRUP ,2020,4,42
H0003,AXCIL SYRUP,2020,4,59
H0004,ASTHALIN 200mg,2020,4,28
H0005,ALERID 10mg,2020,4,48
H0006,AZEE 500mg,2020,4,37
H0007,AZEE 250mg,2020,4,95
H0008,ATOLIP 40mg,2020,4,29
H0009,ATOLIP 10mg,2020,4,150
H0010,ALRIN 180mg,2020,4,98
H0011,ASTHALIN INHALER,2020,4,77
H0012,ASTROCORT 1%,2020,4,27
H0013,BECOSULES CAPSULES,2020,4,15
H0014,BECOSULES SYRUP 200ml,2020,4,12
H0015,BECOZINC CAPSULES,2020,4,74
H0016,BIONA WOMAN,2020,4,11
H0017,BIO OIL 60,2020,4,7
H0018,BARAKA JOINTSAFE CAP,2020,4,16
H0019,BECO PLUS,2020,4,28
H0020,BACLON 5mg,2020,4,8
H0021,CEFEXIP SYRUP,2020,4,80
H0022,CLOXIL 250mg,2020,4,7
H0023,CLOXIL 500mg,2020,4,5
H0024,CURADERM CREAM,2020,4,14
H0025,CLEOW FACE WASH,2020,4,4
H0026,CEE TAB ORANGE,2020,4,5
H0027,CIPLOX EYE DROPS,2020,4,104
H0028,DUMESULES,2020,4,8
H0029,DICLOGEN 50mg,2020,4,25
H0030,DP HALER,2020,4,34
H0031,DICLOGEN CREAM,2020,4,76
H0032,EMPA 10mg,2020,4,60
H0033,EMPA 25mg,2020,4,12
H0034,ENFAGROW A+,2020,4,8
H0035,FACIA WOMAN,2020,4,16
H0036,FACIA MEN,2020,4,10
H0037,FORACORT 400mg,2020,4,62
H0038,GLOW COLLAGEN,2020,4,32
H0039,GLUCERNA MILK,2020,4,13
H0040,IONAC GEL,2020,4,250
H0041,VITAGEN MILK,2020,4,48
H0042,VOLTRAN GEL,2020,4,38
H0043,VITAMIN B COMPLEX,2020,4,104
H0044,WINTERPAN CREAM 30g,2020,4,120
H0045,WIN CREAM 30g,2020,4,92
H0046,WORMIN 500mg,2020,4,420
H0047,ZINCOVIT TAB,2020,4,56
H0048,ZAART 50mg,2020,4,140
H0049,ZAART 25mg,2020,4,158
H0050,ZAART H,2020,4,45
H0001,ASTHALIN 400mg,2020,5,60
H0002,ALLERMIN SYRUP ,2020,5,38
H0003,AXCIL SYRUP,2020,5,50
H0004,ASTHALIN 200mg,2020,5,21
H0005,ALERID 10mg,2020,5,39
H0006,AZEE 500mg,2020,5,30
H0007,AZEE 250mg,2020,5,88
H0008,ATOLIP 40mg,2020,5,20
H0009,ATOLIP 10mg,2020,5,142
H0010,ALRIN 180mg,2020,5,90
H0011,ASTHALIN INHALER,2020,5,70
H0012,ASTROCORT 1%,2020,5,20
H0013,BECOSULES CAPSULES,2020,5,11
H0014,BECOSULES SYRUP 200ml,2020,5,8
H0015,BECOZINC CAPSULES,2020,5,70
H0016,BIONA WOMAN,2020,5,7
H0017,BIO OIL 60,2020,5,4
H0018,BARAKA JOINTSAFE CAP,2020,5,11
H0019,BECO PLUS,2020,5,22
H0020,BACLON 5mg,2020,5,5
H0021,CEFEXIP SYRUP,2020,5,72
H0022,CLOXIL 250mg,2020,5,5
H0023,CLOXIL 500mg,2020,5,5
H0024,CURADERM CREAM,2020,5,12
H0025,CLEOW FACE WASH,2020,5,4
H0026,CEE TAB ORANGE,2020,5,4
H0027,CIPLOX EYE DROPS,2020,5,97
H0028,DUMESULES,2020,5,5
H0029,DICLOGEN 50mg,2020,5,20
H0030,DP HALER,2020,5,28
H0031,DICLOGEN CREAM,2020,5,69
H0032,EMPA 10mg,2020,5,50
H0033,EMPA 25mg,2020,5,8
H0034,ENFAGROW A+,2020,5,4
H0035,FACIA WOMAN,2020,5,12
H0036,FACIA MEN,2020,5,7
H0037,FORACORT 400mg,2020,5,57
H0038,GLOW COLLAGEN,2020,5,25
H0039,GLUCERNA MILK,2020,5,8
H0040,IONAC GEL,2020,5,240
H0041,VITAGEN MILK,2020,5,41
H0042,VOLTRAN GEL,2020,5,32
H0043,VITAMIN B COMPLEX,2020,5,99
H0044,WINTERPAN CREAM 30g,2020,5,110
H0045,WIN CREAM 30g,2020,5,82
H0046,WORMIN 500mg,2020,5,407
H0047,ZINCOVIT TAB,2020,5,50
H0048,ZAART 50mg,2020,5,130
H0049,ZAART 25mg,2020,5,149
H0050,ZAART H,2020,5,37
H0001,ASTHALIN 400mg,2020,6,57
H0002,ALLERMIN SYRUP ,2020,6,36
H0003,AXCIL SYRUP,2020,6,48
H0004,ASTHALIN 200mg,2020,6,17
H0005,ALERID 10mg,2020,6,35
H0006,AZEE 500mg,2020,6,27
H0007,AZEE 250mg,2020,6,83
H0008,ATOLIP 40mg,2020,6,18
H0009,ATOLIP 10mg,2020,6,136
H0010,ALRIN 180mg,2020,6,88
H0011,ASTHALIN INHALER,2020,6,69
H0012,ASTROCORT 1%,2020,6,20
H0013,BECOSULES CAPSULES,2020,6,11
H0014,BECOSULES SYRUP 200ml,2020,6,8
H0015,BECOZINC CAPSULES,2020,6,70
H0016,BIONA WOMAN,2020,6,7
H0017,BIO OIL 60,2020,6,4
H0018,BARAKA JOINTSAFE CAP,2020,6,11
H0019,BECO PLUS,2020,6,22
H0020,BACLON 5mg,2020,6,5
H0021,CEFEXIP SYRUP,2020,6,72
H0022,CLOXIL 250mg,2020,6,5
H0023,CLOXIL 500mg,2020,6,5
H0024,CURADERM CREAM,2020,6,12
H0025,CLEOW FACE WASH,2020,6,4
H0026,CEE TAB ORANGE,2020,6,4
H0027,CIPLOX EYE DROPS,2020,6,97
H0028,DUMESULES,2020,6,5
H0029,DICLOGEN 50mg,2020,6,20
H0030,DP HALER,2020,6,28
H0031,DICLOGEN CREAM,2020,6,69
H0032,EMPA 10mg,2020,6,50
H0033,EMPA 25mg,2020,6,8
H0034,ENFAGROW A+,2020,6,4
H0035,FACIA WOMAN,2020,6,12
H0036,FACIA MEN,2020,6,7
H0037,FORACORT 400mg,2020,6,57
H0038,GLOW COLLAGEN,2020,6,25
H0039,GLUCERNA MILK,2020,6,8
H0040,IONAC GEL,2020,6,240
H0041,VITAGEN MILK,2020,6,41
H0042,VOLTRAN GEL,2020,6,32
H0043,VITAMIN B COMPLEX,2020,6,99
H0044,WINTERPAN CREAM 30g,2020,6,110
H0045,WIN CREAM 30g,2020,6,82
H0046,WORMIN 500mg,2020,6,407
H0047,ZINCOVIT TAB,2020,6,50
H0048,ZAART 50mg,2020,6,130
H0049,ZAART 25mg,2020,6,149
H0050,ZAART H,2020,6,34
H0001,ASTHALIN 400mg,2020,7,56
H0002,ALLERMIN SYRUP ,2020,7,35
H0003,AXCIL SYRUP,2020,7,48
H0004,ASTHALIN 200mg,2020,7,17
H0005,ALERID 10mg,2020,7,35
H0006,AZEE 500mg,2020,7,27
H0007,AZEE 250mg,2020,7,83
H0008,ATOLIP 40mg,2020,7,18
H0009,ATOLIP 10mg,2020,7,136
H0010,ALRIN 180mg,2020,7,88
H0011,ASTHALIN INHALER,2020,7,69
H0012,ASTROCORT 1%,2020,7,20
H0013,BECOSULES CAPSULES,2020,7,11
H0014,BECOSULES SYRUP 200ml,2020,7,8
H0015,BECOZINC CAPSULES,2020,7,70
H0016,BIONA WOMAN,2020,7,7
H0017,BIO OIL 60,2020,7,4
H0018,BARAKA JOINTSAFE CAP,2020,7,11
H0019,BECO PLUS,2020,7,22
H0020,BACLON 5mg,2020,7,5
H0021,CEFEXIP SYRUP,2020,7,72
H0022,CLOXIL 250mg,2020,7,5
H0023,CLOXIL 500mg,2020,7,5
H0024,CURADERM CREAM,2020,7,12
H0025,CLEOW FACE WASH,2020,7,4
H0026,CEE TAB ORANGE,2020,7,4
H0027,CIPLOX EYE DROPS,2020,7,97
H0028,DUMESULES,2020,7,5
H0029,DICLOGEN 50mg,2020,7,20
H0030,DP HALER,2020,7,28
H0031,DICLOGEN CREAM,2020,7,69
H0032,EMPA 10mg,2020,7,50
H0033,EMPA 25mg,2020,7,8
H0034,ENFAGROW A+,2020,7,4
H0035,FACIA WOMAN,2020,7,12
H0036,FACIA MEN,2020,7,7
H0037,FORACORT 400mg,2020,7,57
H0038,GLOW COLLAGEN,2020,7,25
H0039,GLUCERNA MILK,2020,7,8
H0040,IONAC GEL,2020,7,240
H0041,VITAGEN MILK,2020,7,41
H0042,VOLTRAN GEL,2020,7,32
H0043,VITAMIN B COMPLEX,2020,7,99
H0044,WINTERPAN CREAM 30g,2020,7,110
H0045,WIN CREAM 30g,2020,7,82
H0046,WORMIN 500mg,2020,7,406
H0047,ZINCOVIT TAB,2020,7,50
H0048,ZAART 50mg,2020,7,130
H0049,ZAART 25mg,2020,7,149
H0050,ZAART H,2020,7,32
H0001,ASTHALIN 400mg,2020,8,54
H0002,ALLERMIN SYRUP ,2020,8,32
H0003,AXCIL SYRUP,2020,8,46
H0004,ASTHALIN 200mg,2020,8,17
H0005,ALERID 10mg,2020,8,35
H0006,AZEE 500mg,2020,8,27
H0007,AZEE 250mg,2020,8,83
H0008,ATOLIP 40mg,2020,8,18
H0009,ATOLIP 10mg,2020,8,136
H0010,ALRIN 180mg,2020,8,88
H0011,ASTHALIN INHALER,2020,8,69
H0012,ASTROCORT 1%,2020,8,20
H0013,BECOSULES CAPSULES,2020,8,11
H0014,BECOSULES SYRUP 200ml,2020,8,8
H0015,BECOZINC CAPSULES,2020,8,68
H0016,BIONA WOMAN,2020,8,7
H0017,BIO OIL 60,2020,8,4
H0018,BARAKA JOINTSAFE CAP,2020,8,11
H0019,BECO PLUS,2020,8,22
H0020,BACLON 5mg,2020,8,5
H0021,CEFEXIP SYRUP,2020,8,72
H0022,CLOXIL 250mg,2020,8,5
H0023,CLOXIL 500mg,2020,8,5
H0024,CURADERM CREAM,2020,8,12
H0025,CLEOW FACE WASH,2020,8,4
H0026,CEE TAB ORANGE,2020,8,4
H0027,CIPLOX EYE DROPS,2020,8,97
H0028,DUMESULES,2020,8,5
H0029,DICLOGEN 50mg,2020,8,20
H0030,DP HALER,2020,8,28
H0031,DICLOGEN CREAM,2020,8,69
H0032,EMPA 10mg,2020,8,50
H0033,EMPA 25mg,2020,8,8
H0034,ENFAGROW A+,2020,8,4
H0035,FACIA WOMAN,2020,8,12
H0036,FACIA MEN,2020,8,7
H0037,FORACORT 400mg,2020,8,57
H0038,GLOW COLLAGEN,2020,8,25
H0039,GLUCERNA MILK,2020,8,8
H0040,IONAC GEL,2020,8,240
H0041,VITAGEN MILK,2020,8,41
H0042,VOLTRAN GEL,2020,8,32
H0043,VITAMIN B COMPLEX,2020,8,99
H0044,WINTERPAN CREAM 30g,2020,8,110
H0045,WIN CREAM 30g,2020,8,82
H0046,WORMIN 500mg,2020,8,404
H0047,ZINCOVIT TAB,2020,8,50
H0048,ZAART 50mg,2020,8,130
H0049,ZAART 25mg,2020,8,149
H0050,ZAART H,2020,8,33
H0001,ASTHALIN 400mg,2020,9,55
H0002,ALLERMIN SYRUP ,2020,9,36
H0003,AXCIL SYRUP,2020,9,48
H0004,ASTHALIN 200mg,2020,9,16
H0005,ALERID 10mg,2020,9,35
H0006,AZEE 500mg,2020,9,27
H0007,AZEE 250mg,2020,9,83
H0008,ATOLIP 40mg,2020,9,18
H0009,ATOLIP 10mg,2020,9,136
H0010,ALRIN 180mg,2020,9,88
H0011,ASTHALIN INHALER,2020,9,69
H0012,ASTROCORT 1%,2020,9,20
H0013,BECOSULES CAPSULES,2020,9,11
H0014,BECOSULES SYRUP 200ml,2020,9,8
H0015,BECOZINC CAPSULES,2020,9,70
H0016,BIONA WOMAN,2020,9,7
H0017,BIO OIL 60,2020,9,4
H0018,BARAKA JOINTSAFE CAP,2020,9,11
H0019,BECO PLUS,2020,9,22
H0020,BACLON 5mg,2020,9,5
H0021,CEFEXIP SYRUP,2020,9,72
H0022,CLOXIL 250mg,2020,9,5
H0023,CLOXIL 500mg,2020,9,5
H0024,CURADERM CREAM,2020,9,12
H0025,CLEOW FACE WASH,2020,9,4
H0026,CEE TAB ORANGE,2020,9,4
H0027,CIPLOX EYE DROPS,2020,9,97
H0028,DUMESULES,2020,9,5
H0029,DICLOGEN 50mg,2020,9,20
H0030,DP HALER,2020,9,28
H0031,DICLOGEN CREAM,2020,9,69
H0032,EMPA 10mg,2020,9,50
H0033,EMPA 25mg,2020,9,8
H0034,ENFAGROW A+,2020,9,4
H0035,FACIA WOMAN,2020,9,12
H0036,FACIA MEN,2020,9,7
H0037,FORACORT 400mg,2020,9,57
H0038,GLOW COLLAGEN,2020,9,25
H0039,GLUCERNA MILK,2020,9,8
H0040,IONAC GEL,2020,9,240
H0041,VITAGEN MILK,2020,9,41
H0042,VOLTRAN GEL,2020,9,32
H0043,VITAMIN B COMPLEX,2020,9,99
H0044,WINTERPAN CREAM 30g,2020,9,110
H0045,WIN CREAM 30g,2020,9,82
H0046,WORMIN 500mg,2020,9,405
H0047,ZINCOVIT TAB,2020,9,50
H0048,ZAART 50mg,2020,9,130
H0049,ZAART 25mg,2020,9,149
H0050,ZAART H,2020,9,35
H0001,ASTHALIN 400mg,2020,10,56
H0002,ALLERMIN SYRUP ,2020,10,33
H0003,AXCIL SYRUP,2020,10,46
H0004,ASTHALIN 200mg,2020,10,17
H0005,ALERID 10mg,2020,10,35
H0006,AZEE 500mg,2020,10,27
H0007,AZEE 250mg,2020,10,83
H0008,ATOLIP 40mg,2020,10,18
H0009,ATOLIP 10mg,2020,10,136
H0010,ALRIN 180mg,2020,10,88
H0011,ASTHALIN INHALER,2020,10,69
H0012,ASTROCORT 1%,2020,10,20
H0013,BECOSULES CAPSULES,2020,10,11
H0014,BECOSULES SYRUP 200ml,2020,10,8
H0015,BECOZINC CAPSULES,2020,10,68
H0016,BIONA WOMAN,2020,10,7
H0017,BIO OIL 60,2020,10,4
H0018,BARAKA JOINTSAFE CAP,2020,10,11
H0019,BECO PLUS,2020,10,22
H0020,BACLON 5mg,2020,10,5
H0021,CEFEXIP SYRUP,2020,10,72
H0022,CLOXIL 250mg,2020,10,5
H0023,CLOXIL 500mg,2020,10,5
H0024,CURADERM CREAM,2020,10,12
H0025,CLEOW FACE WASH,2020,10,4
H0026,CEE TAB ORANGE,2020,10,4
H0027,CIPLOX EYE DROPS,2020,10,97
H0028,DUMESULES,2020,10,5
H0029,DICLOGEN 50mg,2020,10,20
H0030,DP HALER,2020,10,28
H0031,DICLOGEN CREAM,2020,10,69
H0032,EMPA 10mg,2020,10,50
H0033,EMPA 25mg,2020,10,8
H0034,ENFAGROW A+,2020,10,4
H0035,FACIA WOMAN,2020,10,12
H0036,FACIA MEN,2020,10,7
H0037,FORACORT 400mg,2020,10,57
H0038,GLOW COLLAGEN,2020,10,25
H0039,GLUCERNA MILK,2020,10,8
H0040,IONAC GEL,2020,10,240
H0041,VITAGEN MILK,2020,10,41
H0042,VOLTRAN GEL,2020,10,32
H0043,VITAMIN B COMPLEX,2020,10,99
H0044,WINTERPAN CREAM 30g,2020,10,110
H0045,WIN CREAM 30g,2020,10,82
H0046,WORMIN 500mg,2020,10,404
H0047,ZINCOVIT TAB,2020,10,50
H0048,ZAART 50mg,2020,10,130
H0049,ZAART 25mg,2020,10,149
H0050,ZAART H,2020,10,34
H0001,ASTHALIN 400mg,2020,11,60
H0002,ALLERMIN SYRUP ,2020,11,38
H0003,AXCIL SYRUP,2020,11,50
H0004,ASTHALIN 200mg,2020,11,21
H0005,ALERID 10mg,2020,11,39
H0006,AZEE 500mg,2020,11,30
H0007,AZEE 250mg,2020,11,88
H0008,ATOLIP 40mg,2020,11,20
H0009,ATOLIP 10mg,2020,11,142
H0010,ALRIN 180mg,2020,11,90
H0011,ASTHALIN INHALER,2020,11,70
H0012,ASTROCORT 1%,2020,11,20
H0013,BECOSULES CAPSULES,2020,11,11
H0014,BECOSULES SYRUP 200ml,2020,11,8
H0015,BECOZINC CAPSULES,2020,11,70
H0016,BIONA WOMAN,2020,11,7
H0017,BIO OIL 60,2020,11,4
H0018,BARAKA JOINTSAFE CAP,2020,11,11
H0019,BECO PLUS,2020,11,22
H0020,BACLON 5mg,2020,11,5
H0021,CEFEXIP SYRUP,2020,11,72
H0022,CLOXIL 250mg,2020,11,5
H0023,CLOXIL 500mg,2020,11,5
H0024,CURADERM CREAM,2020,11,12
H0025,CLEOW FACE WASH,2020,11,4
H0026,CEE TAB ORANGE,2020,11,4
H0027,CIPLOX EYE DROPS,2020,11,97
H0028,DUMESULES,2020,11,5
H0029,DICLOGEN 50mg,2020,11,20
H0030,DP HALER,2020,11,28
H0031,DICLOGEN CREAM,2020,11,69
H0032,EMPA 10mg,2020,11,50
H0033,EMPA 25mg,2020,11,8
H0034,ENFAGROW A+,2020,11,4
H0035,FACIA WOMAN,2020,11,12
H0036,FACIA MEN,2020,11,7
H0037,FORACORT 400mg,2020,11,57
H0038,GLOW COLLAGEN,2020,11,25
H0039,GLUCERNA MILK,2020,11,8
H0040,IONAC GEL,2020,11,240
H0041,VITAGEN MILK,2020,11,41
H0042,VOLTRAN GEL,2020,11,32
H0043,VITAMIN B COMPLEX,2020,11,99
H0044,WINTERPAN CREAM 30g,2020,11,110
H0045,WIN CREAM 30g,2020,11,82
H0046,WORMIN 500mg,2020,11,407
H0047,ZINCOVIT TAB,2020,11,50
H0048,ZAART 50mg,2020,11,130
H0049,ZAART 25mg,2020,11,149
H0050,ZAART H,2020,11,37
H0001,ASTHALIN 400mg,2020,12,66
H0002,ALLERMIN SYRUP ,2020,12,40
H0003,AXCIL SYRUP,2020,12,57
H0004,ASTHALIN 200mg,2020,12,26
H0005,ALERID 10mg,2020,12,44
H0006,AZEE 500mg,2020,12,34
H0007,AZEE 250mg,2020,12,95
H0008,ATOLIP 40mg,2020,12,29
H0009,ATOLIP 10mg,2020,12,150
H0010,ALRIN 180mg,2020,12,96
H0011,ASTHALIN INHALER,2020,12,77
H0012,ASTROCORT 1%,2020,12,27
H0013,BECOSULES CAPSULES,2020,12,15
H0014,BECOSULES SYRUP 200ml,2020,12,12
H0015,BECOZINC CAPSULES,2020,12,74
H0016,BIONA WOMAN,2020,12,11
H0017,BIO OIL 60,2020,12,7
H0018,BARAKA JOINTSAFE CAP,2020,12,16
H0019,BECO PLUS,2020,12,28
H0020,BACLON 5mg,2020,12,8
H0021,CEFEXIP SYRUP,2020,12,80
H0022,CLOXIL 250mg,2020,12,7
H0023,CLOXIL 500mg,2020,12,5
H0024,CURADERM CREAM,2020,12,14
H0025,CLEOW FACE WASH,2020,12,4
H0026,CEE TAB ORANGE,2020,12,5
H0027,CIPLOX EYE DROPS,2020,12,104
H0028,DUMESULES,2020,12,8
H0029,DICLOGEN 50mg,2020,12,25
H0030,DP HALER,2020,12,34
H0031,DICLOGEN CREAM,2020,12,76
H0032,EMPA 10mg,2020,12,60
H0033,EMPA 25mg,2020,12,12
H0034,ENFAGROW A+,2020,12,8
H0035,FACIA WOMAN,2020,12,16
H0036,FACIA MEN,2020,12,10
H0037,FORACORT 400mg,2020,12,62
H0038,GLOW COLLAGEN,2020,12,32
H0039,GLUCERNA MILK,2020,12,13
H0040,IONAC GEL,2020,12,250
H0041,VITAGEN MILK,2020,12,48
H0042,VOLTRAN GEL,2020,12,38
H0043,VITAMIN B COMPLEX,2020,12,104
H0044,WINTERPAN CREAM 30g,2020,12,120
H0045,WIN CREAM 30g,2020,12,92
H0046,WORMIN 500mg,2020,12,414
H0047,ZINCOVIT TAB,2020,12,56
H0048,ZAART 50mg,2020,12,140
H0049,ZAART 25mg,2020,12,158
H0050,ZAART H,2020,12,42
H0001,ASTHALIN 400mg,2021,1,69
H0002,ALLERMIN SYRUP ,2021,1,43
H0003,AXCIL SYRUP,2021,1,60
H0004,ASTHALIN 200mg,2021,1,29
H0005,ALERID 10mg,2021,1,48
H0006,AZEE 500mg,2021,1,38
H0007,AZEE 250mg,2021,1,100
H0008,ATOLIP 40mg,2021,1,34
H0009,ATOLIP 10mg,2021,1,158
H0010,ALRIN 180mg,2021,1,102
H0011,ASTHALIN INHALER,2021,1,80
H0012,ASTROCORT 1%,2021,1,30
H0013,BECOSULES CAPSULES,2021,1,20
H0014,BECOSULES SYRUP 200ml,2021,1,16
H0015,BECOZINC CAPSULES,2021,1,79
H0016,BIONA WOMAN,2021,1,12
H0017,BIO OIL 60,2021,1,10
H0018,BARAKA JOINTSAFE CAP,2021,1,19
H0019,BECO PLUS,2021,1,31
H0020,BACLON 5mg,2021,1,10
H0021,CEFEXIP SYRUP,2021,1,88
H0022,CLOXIL 250mg,2021,1,11
H0023,CLOXIL 500mg,2021,1,8
H0024,CURADERM CREAM,2021,1,20
H0025,CLEOW FACE WASH,2021,1,8
H0026,CEE TAB ORANGE,2021,1,9
H0027,CIPLOX EYE DROPS,2021,1,108
H0028,DUMESULES,2021,1,11
H0029,DICLOGEN 50mg,2021,1,29
H0030,DP HALER,2021,1,38
H0031,DICLOGEN CREAM,2021,1,80
H0032,EMPA 10mg,2021,1,67
H0033,EMPA 25mg,2021,1,17
H0034,ENFAGROW A+,2021,1,10
H0035,FACIA WOMAN,2021,1,14
H0036,FACIA MEN,2021,1,12
H0037,FORACORT 400mg,2021,1,65
H0038,GLOW COLLAGEN,2021,1,38
H0039,GLUCERNA MILK,2021,1,16
H0040,IONAC GEL,2021,1,260
H0041,VITAGEN MILK,2021,1,52
H0042,VOLTRAN GEL,2021,1,42
H0043,VITAMIN B COMPLEX,2021,1,110
H0044,WINTERPAN CREAM 30g,2021,1,130
H0045,WIN CREAM 30g,2021,1,100
H0046,WORMIN 500mg,2021,1,419
H0047,ZINCOVIT TAB,2021,1,62
H0048,ZAART 50mg,2021,1,150
H0049,ZAART 25mg,2021,1,163
H0050,ZAART H,2021,1,45
H0001,ASTHALIN 400mg,2021,2,70
H0002,ALLERMIN SYRUP ,2021,2,45
H0003,AXCIL SYRUP,2021,2,61
H0004,ASTHALIN 200mg,2021,2,30
H0005,ALERID 10mg,2021,2,49
H0006,AZEE 500mg,2021,2,40
H0007,AZEE 250mg,2021,2,102
H0008,ATOLIP 40mg,2021,2,35
H0009,ATOLIP 10mg,2021,2,160
H0010,ALRIN 180mg,2021,2,104
H0011,ASTHALIN INHALER,2021,2,82
H0012,ASTROCORT 1%,2021,2,32
H0013,BECOSULES CAPSULES,2021,2,22
H0014,BECOSULES SYRUP 200ml,2021,2,18
H0015,BECOZINC CAPSULES,2021,2,81
H0016,BIONA WOMAN,2021,2,14
H0017,BIO OIL 60,2021,2,12
H0018,BARAKA JOINTSAFE CAP,2021,2,21
H0019,BECO PLUS,2021,2,33
H0020,BACLON 5mg,2021,2,12
H0021,CEFEXIP SYRUP,2021,2,90
H0022,CLOXIL 250mg,2021,2,13
H0023,CLOXIL 500mg,2021,2,10
H0024,CURADERM CREAM,2021,2,22
H0025,CLEOW FACE WASH,2021,2,10
H0026,CEE TAB ORANGE,2021,2,11
H0027,CIPLOX EYE DROPS,2021,2,110
H0028,DUMESULES,2021,2,13
H0029,DICLOGEN 50mg,2021,2,31
H0030,DP HALER,2021,2,40
H0031,DICLOGEN CREAM,2021,2,82
H0032,EMPA 10mg,2021,2,69
H0033,EMPA 25mg,2021,2,19
H0034,ENFAGROW A+,2021,2,12
H0035,FACIA WOMAN,2021,2,16
H0036,FACIA MEN,2021,2,14
H0037,FORACORT 400mg,2021,2,67
H0038,GLOW COLLAGEN,2021,2,40
H0039,GLUCERNA MILK,2021,2,18
H0040,IONAC GEL,2021,2,262
H0041,VITAGEN MILK,2021,2,54
H0042,VOLTRAN GEL,2021,2,44
H0043,VITAMIN B COMPLEX,2021,2,112
H0044,WINTERPAN CREAM 30g,2021,2,132
H0045,WIN CREAM 30g,2021,2,102
H0046,WORMIN 500mg,2021,2,421
H0047,ZINCOVIT TAB,2021,2,64
H0048,ZAART 50mg,2021,2,152
H0049,ZAART 25mg,2021,2,165
H0050,ZAART H,2021,2,47
H0001,ASTHALIN 400mg,2021,3,61
H0002,ALLERMIN SYRUP ,2021,3,47
H0003,AXCIL SYRUP,2021,3,64
H0004,ASTHALIN 200mg,2021,3,33
H0005,ALERID 10mg,2021,3,52
H0006,AZEE 500mg,2021,3,42
H0007,AZEE 250mg,2021,3,104
H0008,ATOLIP 40mg,2021,3,36
H0009,ATOLIP 10mg,2021,3,162
H0010,ALRIN 180mg,2021,3,107
H0011,ASTHALIN INHALER,2021,3,85
H0012,ASTROCORT 1%,2021,3,34
H0013,BECOSULES CAPSULES,2021,3,25
H0014,BECOSULES SYRUP 200ml,2021,3,21
H0015,BECOZINC CAPSULES,2021,3,84
H0016,BIONA WOMAN,2021,3,16
H0017,BIO OIL 60,2021,3,15
H0018,BARAKA JOINTSAFE CAP,2021,3,23
H0019,BECO PLUS,2021,3,36
H0020,BACLON 5mg,2021,3,15
H0021,CEFEXIP SYRUP,2021,3,93
H0022,CLOXIL 250mg,2021,3,15
H0023,CLOXIL 500mg,2021,3,11
H0024,CURADERM CREAM,2021,3,25
H0025,CLEOW FACE WASH,2021,3,12
H0026,CEE TAB ORANGE,2021,3,14
H0027,CIPLOX EYE DROPS,2021,3,113
H0028,DUMESULES,2021,3,16
H0029,DICLOGEN 50mg,2021,3,34
H0030,DP HALER,2021,3,42
H0031,DICLOGEN CREAM,2021,3,85
H0032,EMPA 10mg,2021,3,72
H0033,EMPA 25mg,2021,3,22
H0034,ENFAGROW A+,2021,3,15
H0035,FACIA WOMAN,2021,3,19
H0036,FACIA MEN,2021,3,17
H0037,FORACORT 400mg,2021,3,70
H0038,GLOW COLLAGEN,2021,3,43
H0039,GLUCERNA MILK,2021,3,21
H0040,IONAC GEL,2021,3,265
H0041,VITAGEN MILK,2021,3,57
H0042,VOLTRAN GEL,2021,3,47
H0043,VITAMIN B COMPLEX,2021,3,115
H0044,WINTERPAN CREAM 30g,2021,3,135
H0045,WIN CREAM 30g,2021,3,105
H0046,WORMIN 500mg,2021,3,424
H0047,ZINCOVIT TAB,2021,3,67
H0048,ZAART 50mg,2021,3,155
H0049,ZAART 25mg,2021,3,168
H0050,ZAART H,2021,3,50
H0001,ASTHALIN 400mg,2021,4,60
H0002,ALLERMIN SYRUP ,2021,4,44
H0003,AXCIL SYRUP,2021,4,60
H0004,ASTHALIN 200mg,2021,4,29
H0005,ALERID 10mg,2021,4,50
H0006,AZEE 500mg,2021,4,38
H0007,AZEE 250mg,2021,4,105
H0008,ATOLIP 40mg,2021,4,34
H0009,ATOLIP 10mg,2021,4,158
H0010,ALRIN 180mg,2021,4,101
H0011,ASTHALIN INHALER,2021,4,85
H0012,ASTROCORT 1%,2021,4,30
H0013,BECOSULES CAPSULES,2021,4,25
H0014,BECOSULES SYRUP 200ml,2021,4,18
H0015,BECOZINC CAPSULES,2021,4,78
H0016,BIONA WOMAN,2021,4,12
H0017,BIO OIL 60,2021,4,11
H0018,BARAKA JOINTSAFE CAP,2021,4,20
H0019,BECO PLUS,2021,4,30
H0020,BACLON 5mg,2021,4,10
H0021,CEFEXIP SYRUP,2021,4,88
H0022,CLOXIL 250mg,2021,4,13
H0023,CLOXIL 500mg,2021,4,7
H0024,CURADERM CREAM,2021,4,20
H0025,CLEOW FACE WASH,2021,4,7
H0026,CEE TAB ORANGE,2021,4,14
H0027,CIPLOX EYE DROPS,2021,4,108
H0028,DUMESULES,2021,4,11
H0029,DICLOGEN 50mg,2021,4,30
H0030,DP HALER,2021,4,38
H0031,DICLOGEN CREAM,2021,4,85
H0032,EMPA 10mg,2021,4,67
H0033,EMPA 25mg,2021,4,18
H0034,ENFAGROW A+,2021,4,11
H0035,FACIA WOMAN,2021,4,13
H0036,FACIA MEN,2021,4,14
H0037,FORACORT 400mg,2021,4,65
H0038,GLOW COLLAGEN,2021,4,40
H0039,GLUCERNA MILK,2021,4,16
H0040,IONAC GEL,2021,4,259
H0041,VITAGEN MILK,2021,4,52
H0042,VOLTRAN GEL,2021,4,42
H0043,VITAMIN B COMPLEX,2021,4,109
H0044,WINTERPAN CREAM 30g,2021,4,129
H0045,WIN CREAM 30g,2021,4,102
H0046,WORMIN 500mg,2021,4,422
H0047,ZINCOVIT TAB,2021,4,61
H0048,ZAART 50mg,2021,4,150
H0049,ZAART 25mg,2021,4,168
H0050,ZAART H,2021,4,45
H0001,ASTHALIN 400mg,2021,5,67
H0002,ALLERMIN SYRUP ,2021,5,42
H0003,AXCIL SYRUP,2021,5,57
H0004,ASTHALIN 200mg,2021,5,27
H0005,ALERID 10mg,2021,5,53
H0006,AZEE 500mg,2021,5,35
H0007,AZEE 250mg,2021,5,108
H0008,ATOLIP 40mg,2021,5,32
H0009,ATOLIP 10mg,2021,5,155
H0010,ALRIN 180mg,2021,5,104
H0011,ASTHALIN INHALER,2021,5,88
H0012,ASTROCORT 1%,2021,5,27
H0013,BECOSULES CAPSULES,2021,5,28
H0014,BECOSULES SYRUP 200ml,2021,5,15
H0015,BECOZINC CAPSULES,2021,5,75
H0016,BIONA WOMAN,2021,5,10
H0017,BIO OIL 60,2021,5,9
H0018,BARAKA JOINTSAFE CAP,2021,5,18
H0019,BECO PLUS,2021,5,33
H0020,BACLON 5mg,2021,5,10
H0021,CEFEXIP SYRUP,2021,5,91
H0022,CLOXIL 250mg,2021,5,10
H0023,CLOXIL 500mg,2021,5,5
H0024,CURADERM CREAM,2021,5,18
H0025,CLEOW FACE WASH,2021,5,5
H0026,CEE TAB ORANGE,2021,5,17
H0027,CIPLOX EYE DROPS,2021,5,105
H0028,DUMESULES,2021,5,8
H0029,DICLOGEN 50mg,2021,5,28
H0030,DP HALER,2021,5,36
H0031,DICLOGEN CREAM,2021,5,88
H0032,EMPA 10mg,2021,5,64
H0033,EMPA 25mg,2021,5,16
H0034,ENFAGROW A+,2021,5,9
H0035,FACIA WOMAN,2021,5,11
H0036,FACIA MEN,2021,5,11
H0037,FORACORT 400mg,2021,5,62
H0038,GLOW COLLAGEN,2021,5,37
H0039,GLUCERNA MILK,2021,5,13
H0040,IONAC GEL,2021,5,256
H0041,VITAGEN MILK,2021,5,49
H0042,VOLTRAN GEL,2021,5,39
H0043,VITAMIN B COMPLEX,2021,5,106
H0044,WINTERPAN CREAM 30g,2021,5,126
H0045,WIN CREAM 30g,2021,5,105
H0046,WORMIN 500mg,2021,5,425
H0047,ZINCOVIT TAB,2021,5,55
H0048,ZAART 50mg,2021,5,147
H0049,ZAART 25mg,2021,5,171
H0050,ZAART H,2021,5,42
H0001,ASTHALIN 400mg,2021,6,64
H0002,ALLERMIN SYRUP ,2021,6,41
H0003,AXCIL SYRUP,2021,6,60
H0004,ASTHALIN 200mg,2021,6,26
H0005,ALERID 10mg,2021,6,55
H0006,AZEE 500mg,2021,6,36
H0007,AZEE 250mg,2021,6,111
H0008,ATOLIP 40mg,2021,6,31
H0009,ATOLIP 10mg,2021,6,157
H0010,ALRIN 180mg,2021,6,105
H0011,ASTHALIN INHALER,2021,6,91
H0012,ASTROCORT 1%,2021,6,26
H0013,BECOSULES CAPSULES,2021,6,31
H0014,BECOSULES SYRUP 200ml,2021,6,16
H0015,BECOZINC CAPSULES,2021,6,77
H0016,BIONA WOMAN,2021,6,9
H0017,BIO OIL 60,2021,6,10
H0018,BARAKA JOINTSAFE CAP,2021,6,19
H0019,BECO PLUS,2021,6,35
H0020,BACLON 5mg,2021,6,9
H0021,CEFEXIP SYRUP,2021,6,94
H0022,CLOXIL 250mg,2021,6,9
H0023,CLOXIL 500mg,2021,6,4
H0024,CURADERM CREAM,2021,6,20
H0025,CLEOW FACE WASH,2021,6,4
H0026,CEE TAB ORANGE,2021,6,16
H0027,CIPLOX EYE DROPS,2021,6,107
H0028,DUMESULES,2021,6,7
H0029,DICLOGEN 50mg,2021,6,30
H0030,DP HALER,2021,6,35
H0031,DICLOGEN CREAM,2021,6,87
H0032,EMPA 10mg,2021,6,63
H0033,EMPA 25mg,2021,6,15
H0034,ENFAGROW A+,2021,6,8
H0035,FACIA WOMAN,2021,6,10
H0036,FACIA MEN,2021,6,10
H0037,FORACORT 400mg,2021,6,63
H0038,GLOW COLLAGEN,2021,6,38
H0039,GLUCERNA MILK,2021,6,12
H0040,IONAC GEL,2021,6,258
H0041,VITAGEN MILK,2021,6,51
H0042,VOLTRAN GEL,2021,6,42
H0043,VITAMIN B COMPLEX,2021,6,109
H0044,WINTERPAN CREAM 30g,2021,6,129
H0045,WIN CREAM 30g,2021,6,108
H0046,WORMIN 500mg,2021,6,423
H0047,ZINCOVIT TAB,2021,6,57
H0048,ZAART 50mg,2021,6,149
H0049,ZAART 25mg,2021,6,174
H0050,ZAART H,2021,6,41
H0001,ASTHALIN 400mg,2021,7,71
H0002,ALLERMIN SYRUP ,2021,7,39
H0003,AXCIL SYRUP,2021,7,64
H0004,ASTHALIN 200mg,2021,7,24
H0005,ALERID 10mg,2021,7,57
H0006,AZEE 500mg,2021,7,34
H0007,AZEE 250mg,2021,7,115
H0008,ATOLIP 40mg,2021,7,29
H0009,ATOLIP 10mg,2021,7,161
H0010,ALRIN 180mg,2021,7,107
H0011,ASTHALIN INHALER,2021,7,95
H0012,ASTROCORT 1%,2021,7,24
H0013,BECOSULES CAPSULES,2021,7,35
H0014,BECOSULES SYRUP 200ml,2021,7,14
H0015,BECOZINC CAPSULES,2021,7,75
H0016,BIONA WOMAN,2021,7,7
H0017,BIO OIL 60,2021,7,8
H0018,BARAKA JOINTSAFE CAP,2021,7,17
H0019,BECO PLUS,2021,7,33
H0020,BACLON 5mg,2021,7,7
H0021,CEFEXIP SYRUP,2021,7,98
H0022,CLOXIL 250mg,2021,7,7
H0023,CLOXIL 500mg,2021,7,6
H0024,CURADERM CREAM,2021,7,18
H0025,CLEOW FACE WASH,2021,7,6
H0026,CEE TAB ORANGE,2021,7,14
H0027,CIPLOX EYE DROPS,2021,7,109
H0028,DUMESULES,2021,7,7
H0029,DICLOGEN 50mg,2021,7,32
H0030,DP HALER,2021,7,33
H0031,DICLOGEN CREAM,2021,7,85
H0032,EMPA 10mg,2021,7,61
H0033,EMPA 25mg,2021,7,13
H0034,ENFAGROW A+,2021,7,9
H0035,FACIA WOMAN,2021,7,11
H0036,FACIA MEN,2021,7,8
H0037,FORACORT 400mg,2021,7,61
H0038,GLOW COLLAGEN,2021,7,36
H0039,GLUCERNA MILK,2021,7,10
H0040,IONAC GEL,2021,7,262
H0041,VITAGEN MILK,2021,7,55
H0042,VOLTRAN GEL,2021,7,46
H0043,VITAMIN B COMPLEX,2021,7,111
H0044,WINTERPAN CREAM 30g,2021,7,131
H0045,WIN CREAM 30g,2021,7,112
H0046,WORMIN 500mg,2021,7,421
H0047,ZINCOVIT TAB,2021,7,55
H0048,ZAART 50mg,2021,7,151
H0049,ZAART 25mg,2021,7,172
H0050,ZAART H,2021,7,39
H0001,ASTHALIN 400mg,2021,8,73
H0002,ALLERMIN SYRUP ,2021,8,37
H0003,AXCIL SYRUP,2021,8,68
H0004,ASTHALIN 200mg,2021,8,22
H0005,ALERID 10mg,2021,8,61
H0006,AZEE 500mg,2021,8,30
H0007,AZEE 250mg,2021,8,119
H0008,ATOLIP 40mg,2021,8,27
H0009,ATOLIP 10mg,2021,8,165
H0010,ALRIN 180mg,2021,8,109
H0011,ASTHALIN INHALER,2021,8,99
H0012,ASTROCORT 1%,2021,8,22
H0013,BECOSULES CAPSULES,2021,8,39
H0014,BECOSULES SYRUP 200ml,2021,8,10
H0015,BECOZINC CAPSULES,2021,8,77
H0016,BIONA WOMAN,2021,8,5
H0017,BIO OIL 60,2021,8,6
H0018,BARAKA JOINTSAFE CAP,2021,8,15
H0019,BECO PLUS,2021,8,31
H0020,BACLON 5mg,2021,8,8
H0021,CEFEXIP SYRUP,2021,8,102
H0022,CLOXIL 250mg,2021,8,5
H0023,CLOXIL 500mg,2021,8,5
H0024,CURADERM CREAM,2021,8,16
H0025,CLEOW FACE WASH,2021,8,7
H0026,CEE TAB ORANGE,2021,8,12
H0027,CIPLOX EYE DROPS,2021,8,107
H0028,DUMESULES,2021,8,8
H0029,DICLOGEN 50mg,2021,8,34
H0030,DP HALER,2021,8,31
H0031,DICLOGEN CREAM,2021,8,83
H0032,EMPA 10mg,2021,8,65
H0033,EMPA 25mg,2021,8,11
H0034,ENFAGROW A+,2021,8,4
H0035,FACIA WOMAN,2021,8,6
H0036,FACIA MEN,2021,8,9
H0037,FORACORT 400mg,2021,8,59
H0038,GLOW COLLAGEN,2021,8,34
H0039,GLUCERNA MILK,2021,8,8
H0040,IONAC GEL,2021,8,264
H0041,VITAGEN MILK,2021,8,59
H0042,VOLTRAN GEL,2021,8,42
H0043,VITAMIN B COMPLEX,2021,8,113
H0044,WINTERPAN CREAM 30g,2021,8,135
H0045,WIN CREAM 30g,2021,8,116
H0046,WORMIN 500mg,2021,8,419
H0047,ZINCOVIT TAB,2021,8,53
H0048,ZAART 50mg,2021,8,149
H0049,ZAART 25mg,2021,8,170
H0050,ZAART H,2021,8,39
H0001,ASTHALIN 400mg,2021,9,67
H0002,ALLERMIN SYRUP ,2021,9,35
H0003,AXCIL SYRUP,2021,9,71
H0004,ASTHALIN 200mg,2021,9,20
H0005,ALERID 10mg,2021,9,64
H0006,AZEE 500mg,2021,9,33
H0007,AZEE 250mg,2021,9,122
H0008,ATOLIP 40mg,2021,9,24
H0009,ATOLIP 10mg,2021,9,168
H0010,ALRIN 180mg,2021,9,112
H0011,ASTHALIN INHALER,2021,9,102
H0012,ASTROCORT 1%,2021,9,19
H0013,BECOSULES CAPSULES,2021,9,42
H0014,BECOSULES SYRUP 200ml,2021,9,13
H0015,BECOZINC CAPSULES,2021,9,80
H0016,BIONA WOMAN,2021,9,8
H0017,BIO OIL 60,2021,9,9
H0018,BARAKA JOINTSAFE CAP,2021,9,18
H0019,BECO PLUS,2021,9,34
H0020,BACLON 5mg,2021,9,11
H0021,CEFEXIP SYRUP,2021,9,105
H0022,CLOXIL 250mg,2021,9,8
H0023,CLOXIL 500mg,2021,9,4
H0024,CURADERM CREAM,2021,9,19
H0025,CLEOW FACE WASH,2021,9,10
H0026,CEE TAB ORANGE,2021,9,15
H0027,CIPLOX EYE DROPS,2021,9,110
H0028,DUMESULES,2021,9,11
H0029,DICLOGEN 50mg,2021,9,31
H0030,DP HALER,2021,9,28
H0031,DICLOGEN CREAM,2021,9,86
H0032,EMPA 10mg,2021,9,68
H0033,EMPA 25mg,2021,9,8
H0034,ENFAGROW A+,2021,9,3
H0035,FACIA WOMAN,2021,9,3
H0036,FACIA MEN,2021,9,6
H0037,FORACORT 400mg,2021,9,62
H0038,GLOW COLLAGEN,2021,9,37
H0039,GLUCERNA MILK,2021,9,11
H0040,IONAC GEL,2021,9,267
H0041,VITAGEN MILK,2021,9,62
H0042,VOLTRAN GEL,2021,9,45
H0043,VITAMIN B COMPLEX,2021,9,116
H0044,WINTERPAN CREAM 30g,2021,9,138
H0045,WIN CREAM 30g,2021,9,119
H0046,WORMIN 500mg,2021,9,422
H0047,ZINCOVIT TAB,2021,9,56
H0048,ZAART 50mg,2021,9,152
H0049,ZAART 25mg,2021,9,173
H0050,ZAART H,2021,9,36
H0001,ASTHALIN 400mg,2021,10,70
H0002,ALLERMIN SYRUP ,2021,10,41
H0003,AXCIL SYRUP,2021,10,60
H0004,ASTHALIN 200mg,2021,10,26
H0005,ALERID 10mg,2021,10,55
H0006,AZEE 500mg,2021,10,36
H0007,AZEE 250mg,2021,10,116
H0008,ATOLIP 40mg,2021,10,31
H0009,ATOLIP 10mg,2021,10,161
H0010,ALRIN 180mg,2021,10,105
H0011,ASTHALIN INHALER,2021,10,91
H0012,ASTROCORT 1%,2021,10,26
H0013,BECOSULES CAPSULES,2021,10,31
H0014,BECOSULES SYRUP 200ml,2021,10,16
H0015,BECOZINC CAPSULES,2021,10,77
H0016,BIONA WOMAN,2021,10,9
H0017,BIO OIL 60,2021,10,10
H0018,BARAKA JOINTSAFE CAP,2021,10,19
H0019,BECO PLUS,2021,10,35
H0020,BACLON 5mg,2021,10,9
H0021,CEFEXIP SYRUP,2021,10,94
H0022,CLOXIL 250mg,2021,10,9
H0023,CLOXIL 500mg,2021,10,7
H0024,CURADERM CREAM,2021,10,20
H0025,CLEOW FACE WASH,2021,10,7
H0026,CEE TAB ORANGE,2021,10,16
H0027,CIPLOX EYE DROPS,2021,10,107
H0028,DUMESULES,2021,10,9
H0029,DICLOGEN 50mg,2021,10,30
H0030,DP HALER,2021,10,35
H0031,DICLOGEN CREAM,2021,10,87
H0032,EMPA 10mg,2021,10,63
H0033,EMPA 25mg,2021,10,15
H0034,ENFAGROW A+,2021,10,8
H0035,FACIA WOMAN,2021,10,10
H0036,FACIA MEN,2021,10,10
H0037,FORACORT 400mg,2021,10,63
H0038,GLOW COLLAGEN,2021,10,38
H0039,GLUCERNA MILK,2021,10,12
H0040,IONAC GEL,2021,10,258
H0041,VITAGEN MILK,2021,10,51
H0042,VOLTRAN GEL,2021,10,42
H0043,VITAMIN B COMPLEX,2021,10,109
H0044,WINTERPAN CREAM 30g,2021,10,129
H0045,WIN CREAM 30g,2021,10,108
H0046,WORMIN 500mg,2021,10,423
H0047,ZINCOVIT TAB,2021,10,57
H0048,ZAART 50mg,2021,10,149
H0049,ZAART 25mg,2021,10,174
H0050,ZAART H,2021,10,41
H0001,ASTHALIN 400mg,2021,11,70
H0002,ALLERMIN SYRUP ,2021,11,42
H0003,AXCIL SYRUP,2021,11,64
H0004,ASTHALIN 200mg,2021,11,27
H0005,ALERID 10mg,2021,11,57
H0006,AZEE 500mg,2021,11,34
H0007,AZEE 250mg,2021,11,115
H0008,ATOLIP 40mg,2021,11,29
H0009,ATOLIP 10mg,2021,11,161
H0010,ALRIN 180mg,2021,11,107
H0011,ASTHALIN INHALER,2021,11,95
H0012,ASTROCORT 1%,2021,11,24
H0013,BECOSULES CAPSULES,2021,11,35
H0014,BECOSULES SYRUP 200ml,2021,11,14
H0015,BECOZINC CAPSULES,2021,11,75
H0016,BIONA WOMAN,2021,11,7
H0017,BIO OIL 60,2021,11,8
H0018,BARAKA JOINTSAFE CAP,2021,11,17
H0019,BECO PLUS,2021,11,33
H0020,BACLON 5mg,2021,11,7
H0021,CEFEXIP SYRUP,2021,11,98
H0022,CLOXIL 250mg,2021,11,7
H0023,CLOXIL 500mg,2021,11,6
H0024,CURADERM CREAM,2021,11,18
H0025,CLEOW FACE WASH,2021,11,6
H0026,CEE TAB ORANGE,2021,11,14
H0027,CIPLOX EYE DROPS,2021,11,109
H0028,DUMESULES,2021,11,7
H0029,DICLOGEN 50mg,2021,11,32
H0030,DP HALER,2021,11,33
H0031,DICLOGEN CREAM,2021,11,85
H0032,EMPA 10mg,2021,11,61
H0033,EMPA 25mg,2021,11,13
H0034,ENFAGROW A+,2021,11,9
H0035,FACIA WOMAN,2021,11,11
H0036,FACIA MEN,2021,11,8
H0037,FORACORT 400mg,2021,11,61
H0038,GLOW COLLAGEN,2021,11,36
H0039,GLUCERNA MILK,2021,11,10
H0040,IONAC GEL,2021,11,262
H0041,VITAGEN MILK,2021,11,55
H0042,VOLTRAN GEL,2021,11,46
H0043,VITAMIN B COMPLEX,2021,11,111
H0044,WINTERPAN CREAM 30g,2021,11,131
H0045,WIN CREAM 30g,2021,11,112
H0046,WORMIN 500mg,2021,11,424
H0047,ZINCOVIT TAB,2021,11,55
H0048,ZAART 50mg,2021,11,151
H0049,ZAART 25mg,2021,11,172
H0050,ZAART H,2021,11,39
H0001,ASTHALIN 400mg,2021,12,71
H0002,ALLERMIN SYRUP ,2021,12,43
H0003,AXCIL SYRUP,2021,12,65
H0004,ASTHALIN 200mg,2021,12,28
H0005,ALERID 10mg,2021,12,58
H0006,AZEE 500mg,2021,12,35
H0007,AZEE 250mg,2021,12,116
H0008,ATOLIP 40mg,2021,12,30
H0009,ATOLIP 10mg,2021,12,162
H0010,ALRIN 180mg,2021,12,108
H0011,ASTHALIN INHALER,2021,12,96
H0012,ASTROCORT 1%,2021,12,25
H0013,BECOSULES CAPSULES,2021,12,36
H0014,BECOSULES SYRUP 200ml,2021,12,15
H0015,BECOZINC CAPSULES,2021,12,76
H0016,BIONA WOMAN,2021,12,8
H0017,BIO OIL 60,2021,12,9
H0018,BARAKA JOINTSAFE CAP,2021,12,18
H0019,BECO PLUS,2021,12,34
H0020,BACLON 5mg,2021,12,8
H0021,CEFEXIP SYRUP,2021,12,99
H0022,CLOXIL 250mg,2021,12,8
H0023,CLOXIL 500mg,2021,12,8
H0024,CURADERM CREAM,2021,12,19
H0025,CLEOW FACE WASH,2021,12,8
H0026,CEE TAB ORANGE,2021,12,16
H0027,CIPLOX EYE DROPS,2021,12,110
H0028,DUMESULES,2021,12,8
H0029,DICLOGEN 50mg,2021,12,33
H0030,DP HALER,2021,12,34
H0031,DICLOGEN CREAM,2021,12,86
H0032,EMPA 10mg,2021,12,62
H0033,EMPA 25mg,2021,12,14
H0034,ENFAGROW A+,2021,12,10
H0035,FACIA WOMAN,2021,12,12
H0036,FACIA MEN,2021,12,9
H0037,FORACORT 400mg,2021,12,62
H0038,GLOW COLLAGEN,2021,12,37
H0039,GLUCERNA MILK,2021,12,11
H0040,IONAC GEL,2021,12,263
H0041,VITAGEN MILK,2021,12,56
H0042,VOLTRAN GEL,2021,12,47
H0043,VITAMIN B COMPLEX,2021,12,112
H0044,WINTERPAN CREAM 30g,2021,12,132
H0045,WIN CREAM 30g,2021,12,113
H0046,WORMIN 500mg,2021,12,426
H0047,ZINCOVIT TAB,2021,12,56
H0048,ZAART 50mg,2021,12,152
H0049,ZAART 25mg,2021,12,174
H0050,ZAART H,2021,12,40
H0001,ASTHALIN 400mg,2022,1,72
H0002,ALLERMIN SYRUP ,2022,1,43
H0003,AXCIL SYRUP,2022,1,65
H0004,ASTHALIN 200mg,2022,1,30
H0005,ALERID 10mg,2022,1,59
H0006,AZEE 500mg,2022,1,35
H0007,AZEE 250mg,2022,1,118
H0008,ATOLIP 40mg,2022,1,31
H0009,ATOLIP 10mg,2022,1,163
H0010,ALRIN 180mg,2022,1,108
H0011,ASTHALIN INHALER,2022,1,97
H0012,ASTROCORT 1%,2022,1,26
H0013,BECOSULES CAPSULES,2022,1,36
H0014,BECOSULES SYRUP 200ml,2022,1,15
H0015,BECOZINC CAPSULES,2022,1,77
H0016,BIONA WOMAN,2022,1,9
H0017,BIO OIL 60,2022,1,10
H0018,BARAKA JOINTSAFE CAP,2022,1,18
H0019,BECO PLUS,2022,1,35
H0020,BACLON 5mg,2022,1,9
H0021,CEFEXIP SYRUP,2022,1,100
H0022,CLOXIL 250mg,2022,1,9
H0023,CLOXIL 500mg,2022,1,8
H0024,CURADERM CREAM,2022,1,21
H0025,CLEOW FACE WASH,2022,1,9
H0026,CEE TAB ORANGE,2022,1,17
H0027,CIPLOX EYE DROPS,2022,1,112
H0028,DUMESULES,2022,1,9
H0029,DICLOGEN 50mg,2022,1,34
H0030,DP HALER,2022,1,35
H0031,DICLOGEN CREAM,2022,1,87
H0032,EMPA 10mg,2022,1,62
H0033,EMPA 25mg,2022,1,15
H0034,ENFAGROW A+,2022,1,10
H0035,FACIA WOMAN,2022,1,12
H0036,FACIA MEN,2022,1,9
H0037,FORACORT 400mg,2022,1,63
H0038,GLOW COLLAGEN,2022,1,38
H0039,GLUCERNA MILK,2022,1,12
H0040,IONAC GEL,2022,1,265
H0041,VITAGEN MILK,2022,1,57
H0042,VOLTRAN GEL,2022,1,47
H0043,VITAMIN B COMPLEX,2022,1,114
H0044,WINTERPAN CREAM 30g,2022,1,133
H0045,WIN CREAM 30g,2022,1,114
H0046,WORMIN 500mg,2022,1,428
H0047,ZINCOVIT TAB,2022,1,56
H0048,ZAART 50mg,2022,1,152
H0049,ZAART 25mg,2022,1,174
H0050,ZAART H,2022,1,40
H0001,ASTHALIN 400mg,2022,2,67
H0002,ALLERMIN SYRUP ,2022,2,43
H0003,AXCIL SYRUP,2022,2,66
H0004,ASTHALIN 200mg,2022,2,30
H0005,ALERID 10mg,2022,2,59
H0006,AZEE 500mg,2022,2,35
H0007,AZEE 250mg,2022,2,119
H0008,ATOLIP 40mg,2022,2,31
H0009,ATOLIP 10mg,2022,2,164
H0010,ALRIN 180mg,2022,2,108
H0011,ASTHALIN INHALER,2022,2,97
H0012,ASTROCORT 1%,2022,2,26
H0013,BECOSULES CAPSULES,2022,2,36
H0014,BECOSULES SYRUP 200ml,2022,2,15
H0015,BECOZINC CAPSULES,2022,2,84
H0016,BIONA WOMAN,2022,2,9
H0017,BIO OIL 60,2022,2,10
H0018,BARAKA JOINTSAFE CAP,2022,2,18
H0019,BECO PLUS,2022,2,35
H0020,BACLON 5mg,2022,2,9
H0021,CEFEXIP SYRUP,2022,2,100
H0022,CLOXIL 250mg,2022,2,9
H0023,CLOXIL 500mg,2022,2,8
H0024,CURADERM CREAM,2022,2,21
H0025,CLEOW FACE WASH,2022,2,9
H0026,CEE TAB ORANGE,2022,2,17
H0027,CIPLOX EYE DROPS,2022,2,112
H0028,DUMESULES,2022,2,9
H0029,DICLOGEN 50mg,2022,2,34
H0030,DP HALER,2022,2,35
H0031,DICLOGEN CREAM,2022,2,87
H0032,EMPA 10mg,2022,2,62
H0033,EMPA 25mg,2022,2,15
H0034,ENFAGROW A+,2022,2,10
H0035,FACIA WOMAN,2022,2,12
H0036,FACIA MEN,2022,2,9
H0037,FORACORT 400mg,2022,2,63
H0038,GLOW COLLAGEN,2022,2,38
H0039,GLUCERNA MILK,2022,2,12
H0040,IONAC GEL,2022,2,265
H0041,VITAGEN MILK,2022,2,57
H0042,VOLTRAN GEL,2022,2,47
H0043,VITAMIN B COMPLEX,2022,2,114
H0044,WINTERPAN CREAM 30g,2022,2,133
H0045,WIN CREAM 30g,2022,2,114
H0046,WORMIN 500mg,2022,2,428
H0047,ZINCOVIT TAB,2022,2,56
H0048,ZAART 50mg,2022,2,152
H0049,ZAART 25mg,2022,2,174
H0050,ZAART H,2022,2,40
H0001,ASTHALIN 400mg,2022,3,60
H0002,ALLERMIN SYRUP ,2022,3,44
H0003,AXCIL SYRUP,2022,3,67
H0004,ASTHALIN 200mg,2022,3,29
H0005,ALERID 10mg,2022,3,59
H0006,AZEE 500mg,2022,3,36
H0007,AZEE 250mg,2022,3,118
H0008,ATOLIP 40mg,2022,3,31
H0009,ATOLIP 10mg,2022,3,163
H0010,ALRIN 180mg,2022,3,109
H0011,ASTHALIN INHALER,2022,3,98
H0012,ASTROCORT 1%,2022,3,25
H0013,BECOSULES CAPSULES,2022,3,36
H0014,BECOSULES SYRUP 200ml,2022,3,15
H0015,BECOZINC CAPSULES,2022,3,78
H0016,BIONA WOMAN,2022,3,9
H0017,BIO OIL 60,2022,3,10
H0018,BARAKA JOINTSAFE CAP,2022,3,18
H0019,BECO PLUS,2022,3,34
H0020,BACLON 5mg,2022,3,9
H0021,CEFEXIP SYRUP,2022,3,100
H0022,CLOXIL 250mg,2022,3,9
H0023,CLOXIL 500mg,2022,3,8
H0024,CURADERM CREAM,2022,3,20
H0025,CLEOW FACE WASH,2022,3,9
H0026,CEE TAB ORANGE,2022,3,16
H0027,CIPLOX EYE DROPS,2022,3,113
H0028,DUMESULES,2022,3,8
H0029,DICLOGEN 50mg,2022,3,35
H0030,DP HALER,2022,3,34
H0031,DICLOGEN CREAM,2022,3,86
H0032,EMPA 10mg,2022,3,62
H0033,EMPA 25mg,2022,3,15
H0034,ENFAGROW A+,2022,3,10
H0035,FACIA WOMAN,2022,3,11
H0036,FACIA MEN,2022,3,9
H0037,FORACORT 400mg,2022,3,63
H0038,GLOW COLLAGEN,2022,3,38
H0039,GLUCERNA MILK,2022,3,11
H0040,IONAC GEL,2022,3,265
H0041,VITAGEN MILK,2022,3,56
H0042,VOLTRAN GEL,2022,3,47
H0043,VITAMIN B COMPLEX,2022,3,113
H0044,WINTERPAN CREAM 30g,2022,3,131
H0045,WIN CREAM 30g,2022,3,114
H0046,WORMIN 500mg,2022,3,429
H0047,ZINCOVIT TAB,2022,3,55
H0048,ZAART 50mg,2022,3,152
H0049,ZAART 25mg,2022,3,173
H0050,ZAART H,2022,3,39
H0001,ASTHALIN 400mg,2022,4,62
H0002,ALLERMIN SYRUP ,2022,4,46
H0003,AXCIL SYRUP,2022,4,65
H0004,ASTHALIN 200mg,2022,4,27
H0005,ALERID 10mg,2022,4,60
H0006,AZEE 500mg,2022,4,36
H0007,AZEE 250mg,2022,4,120
H0008,ATOLIP 40mg,2022,4,33
H0009,ATOLIP 10mg,2022,4,165
H0010,ALRIN 180mg,2022,4,110
H0011,ASTHALIN INHALER,2022,4,97
H0012,ASTROCORT 1%,2022,4,27
H0013,BECOSULES CAPSULES,2022,4,34
H0014,BECOSULES SYRUP 200ml,2022,4,15
H0015,BECOZINC CAPSULES,2022,4,79
H0016,BIONA WOMAN,2022,4,12
H0017,BIO OIL 60,2022,4,10
H0018,BARAKA JOINTSAFE CAP,2022,4,19
H0019,BECO PLUS,2022,4,33
H0020,BACLON 5mg,2022,4,9
H0021,CEFEXIP SYRUP,2022,4,100
H0022,CLOXIL 250mg,2022,4,9
H0023,CLOXIL 500mg,2022,4,8
H0024,CURADERM CREAM,2022,4,19
H0025,CLEOW FACE WASH,2022,4,9
H0026,CEE TAB ORANGE,2022,4,16
H0027,CIPLOX EYE DROPS,2022,4,111
H0028,DUMESULES,2022,4,7
H0029,DICLOGEN 50mg,2022,4,36
H0030,DP HALER,2022,4,32
H0031,DICLOGEN CREAM,2022,4,85
H0032,EMPA 10mg,2022,4,62
H0033,EMPA 25mg,2022,4,14
H0034,ENFAGROW A+,2022,4,10
H0035,FACIA WOMAN,2022,4,9
H0036,FACIA MEN,2022,4,8
H0037,FORACORT 400mg,2022,4,63
H0038,GLOW COLLAGEN,2022,4,38
H0039,GLUCERNA MILK,2022,4,11
H0040,IONAC GEL,2022,4,265
H0041,VITAGEN MILK,2022,4,56
H0042,VOLTRAN GEL,2022,4,45
H0043,VITAMIN B COMPLEX,2022,4,112
H0044,WINTERPAN CREAM 30g,2022,4,130
H0045,WIN CREAM 30g,2022,4,114
H0046,WORMIN 500mg,2022,4,428
H0047,ZINCOVIT TAB,2022,4,54
H0048,ZAART 50mg,2022,4,152
H0049,ZAART 25mg,2022,4,173
H0050,ZAART H,2022,4,40
H0001,ASTHALIN 400mg,2022,5,59
H0002,ALLERMIN SYRUP ,2022,5,42
H0003,AXCIL SYRUP,2022,5,66
H0004,ASTHALIN 200mg,2022,5,26
H0005,ALERID 10mg,2022,5,62
H0006,AZEE 500mg,2022,5,37
H0007,AZEE 250mg,2022,5,121
H0008,ATOLIP 40mg,2022,5,33
H0009,ATOLIP 10mg,2022,5,165
H0010,ALRIN 180mg,2022,5,110
H0011,ASTHALIN INHALER,2022,5,97
H0012,ASTROCORT 1%,2022,5,26
H0013,BECOSULES CAPSULES,2022,5,34
H0014,BECOSULES SYRUP 200ml,2022,5,15
H0015,BECOZINC CAPSULES,2022,5,82
H0016,BIONA WOMAN,2022,5,10
H0017,BIO OIL 60,2022,5,10
H0018,BARAKA JOINTSAFE CAP,2022,5,19
H0019,BECO PLUS,2022,5,32
H0020,BACLON 5mg,2022,5,9
H0021,CEFEXIP SYRUP,2022,5,100
H0022,CLOXIL 250mg,2022,5,9
H0023,CLOXIL 500mg,2022,5,8
H0024,CURADERM CREAM,2022,5,18
H0025,CLEOW FACE WASH,2022,5,9
H0026,CEE TAB ORANGE,2022,5,16
H0027,CIPLOX EYE DROPS,2022,5,110
H0028,DUMESULES,2022,5,7
H0029,DICLOGEN 50mg,2022,5,34
H0030,DP HALER,2022,5,31
H0031,DICLOGEN CREAM,2022,5,85
H0032,EMPA 10mg,2022,5,62
H0033,EMPA 25mg,2022,5,14
H0034,ENFAGROW A+,2022,5,10
H0035,FACIA WOMAN,2022,5,11
H0036,FACIA MEN,2022,5,8
H0037,FORACORT 400mg,2022,5,63
H0038,GLOW COLLAGEN,2022,5,38
H0039,GLUCERNA MILK,2022,5,11
H0040,IONAC GEL,2022,5,264
H0041,VITAGEN MILK,2022,5,56
H0042,VOLTRAN GEL,2022,5,45
H0043,VITAMIN B COMPLEX,2022,5,111
H0044,WINTERPAN CREAM 30g,2022,5,130
H0045,WIN CREAM 30g,2022,5,114
H0046,WORMIN 500mg,2022,5,427
H0047,ZINCOVIT TAB,2022,5,54
H0048,ZAART 50mg,2022,5,152
H0049,ZAART 25mg,2022,5,173
H0050,ZAART H,2022,5,40
H0001,ASTHALIN 400mg,2022,6,58
H0002,ALLERMIN SYRUP ,2022,6,44
H0003,AXCIL SYRUP,2022,6,69
H0004,ASTHALIN 200mg,2022,6,28
H0005,ALERID 10mg,2022,6,60
H0006,AZEE 500mg,2022,6,39
H0007,AZEE 250mg,2022,6,124
H0008,ATOLIP 40mg,2022,6,36
H0009,ATOLIP 10mg,2022,6,167
H0010,ALRIN 180mg,2022,6,111
H0011,ASTHALIN INHALER,2022,6,100
H0012,ASTROCORT 1%,2022,6,29
H0013,BECOSULES CAPSULES,2022,6,35
H0014,BECOSULES SYRUP 200ml,2022,6,16
H0015,BECOZINC CAPSULES,2022,6,80
H0016,BIONA WOMAN,2022,6,10
H0017,BIO OIL 60,2022,6,10
H0018,BARAKA JOINTSAFE CAP,2022,6,19
H0019,BECO PLUS,2022,6,32
H0020,BACLON 5mg,2022,6,11
H0021,CEFEXIP SYRUP,2022,6,105
H0022,CLOXIL 250mg,2022,6,12
H0023,CLOXIL 500mg,2022,6,10
H0024,CURADERM CREAM,2022,6,21
H0025,CLEOW FACE WASH,2022,6,11
H0026,CEE TAB ORANGE,2022,6,18
H0027,CIPLOX EYE DROPS,2022,6,113
H0028,DUMESULES,2022,6,9
H0029,DICLOGEN 50mg,2022,6,38
H0030,DP HALER,2022,6,32
H0031,DICLOGEN CREAM,2022,6,85
H0032,EMPA 10mg,2022,6,62
H0033,EMPA 25mg,2022,6,14
H0034,ENFAGROW A+,2022,6,10
H0035,FACIA WOMAN,2022,6,13
H0036,FACIA MEN,2022,6,10
H0037,FORACORT 400mg,2022,6,67
H0038,GLOW COLLAGEN,2022,6,40
H0039,GLUCERNA MILK,2022,6,14
H0040,IONAC GEL,2022,6,267
H0041,VITAGEN MILK,2022,6,58
H0042,VOLTRAN GEL,2022,6,48
H0043,VITAMIN B COMPLEX,2022,6,112
H0044,WINTERPAN CREAM 30g,2022,6,132
H0045,WIN CREAM 30g,2022,6,113
H0046,WORMIN 500mg,2022,6,430
H0047,ZINCOVIT TAB,2022,6,56
H0048,ZAART 50mg,2022,6,155
H0049,ZAART 25mg,2022,6,176
H0050,ZAART H,2022,6,46
H0001,ASTHALIN 400mg,2022,7,61
H0002,ALLERMIN SYRUP ,2022,7,44
H0003,AXCIL SYRUP,2022,7,69
H0004,ASTHALIN 200mg,2022,7,28
H0005,ALERID 10mg,2022,7,60
H0006,AZEE 500mg,2022,7,39
H0007,AZEE 250mg,2022,7,124
H0008,ATOLIP 40mg,2022,7,36
H0009,ATOLIP 10mg,2022,7,167
H0010,ALRIN 180mg,2022,7,111
H0011,ASTHALIN INHALER,2022,7,100
H0012,ASTROCORT 1%,2022,7,29
H0013,BECOSULES CAPSULES,2022,7,35
H0014,BECOSULES SYRUP 200ml,2022,7,16
H0015,BECOZINC CAPSULES,2022,7,80
H0016,BIONA WOMAN,2022,7,10
H0017,BIO OIL 60,2022,7,10
H0018,BARAKA JOINTSAFE CAP,2022,7,19
H0019,BECO PLUS,2022,7,32
H0020,BACLON 5mg,2022,7,11
H0021,CEFEXIP SYRUP,2022,7,105
H0022,CLOXIL 250mg,2022,7,12
H0023,CLOXIL 500mg,2022,7,10
H0024,CURADERM CREAM,2022,7,21
H0025,CLEOW FACE WASH,2022,7,11
H0026,CEE TAB ORANGE,2022,7,18
H0027,CIPLOX EYE DROPS,2022,7,113
H0028,DUMESULES,2022,7,9
H0029,DICLOGEN 50mg,2022,7,38
H0030,DP HALER,2022,7,32
H0031,DICLOGEN CREAM,2022,7,85
H0032,EMPA 10mg,2022,7,62
H0033,EMPA 25mg,2022,7,14
H0034,ENFAGROW A+,2022,7,10
H0035,FACIA WOMAN,2022,7,13
H0036,FACIA MEN,2022,7,10
H0037,FORACORT 400mg,2022,7,67
H0038,GLOW COLLAGEN,2022,7,40
H0039,GLUCERNA MILK,2022,7,14
H0040,IONAC GEL,2022,7,267
H0041,VITAGEN MILK,2022,7,58
H0042,VOLTRAN GEL,2022,7,48
H0043,VITAMIN B COMPLEX,2022,7,111
H0044,WINTERPAN CREAM 30g,2022,7,132
H0045,WIN CREAM 30g,2022,7,113
H0046,WORMIN 500mg,2022,7,429
H0047,ZINCOVIT TAB,2022,7,56
H0048,ZAART 50mg,2022,7,155
H0049,ZAART 25mg,2022,7,176
H0050,ZAART H,2022,7,42
H0001,ASTHALIN 400mg,2022,8,63
H0002,ALLERMIN SYRUP ,2022,8,43
H0003,AXCIL SYRUP,2022,8,66
H0004,ASTHALIN 200mg,2022,8,30
H0005,ALERID 10mg,2022,8,59
H0006,AZEE 500mg,2022,8,35
H0007,AZEE 250mg,2022,8,119
H0008,ATOLIP 40mg,2022,8,31
H0009,ATOLIP 10mg,2022,8,164
H0010,ALRIN 180mg,2022,8,108
H0011,ASTHALIN INHALER,2022,8,97
H0012,ASTROCORT 1%,2022,8,26
H0013,BECOSULES CAPSULES,2022,8,36
H0014,BECOSULES SYRUP 200ml,2022,8,15
H0015,BECOZINC CAPSULES,2022,8,79
H0016,BIONA WOMAN,2022,8,12
H0017,BIO OIL 60,2022,8,10
H0018,BARAKA JOINTSAFE CAP,2022,8,19
H0019,BECO PLUS,2022,8,33
H0020,BACLON 5mg,2022,8,9
H0021,CEFEXIP SYRUP,2022,8,100
H0022,CLOXIL 250mg,2022,8,9
H0023,CLOXIL 500mg,2022,8,8
H0024,CURADERM CREAM,2022,8,19
H0025,CLEOW FACE WASH,2022,8,9
H0026,CEE TAB ORANGE,2022,8,16
H0027,CIPLOX EYE DROPS,2022,8,113
H0028,DUMESULES,2022,8,9
H0029,DICLOGEN 50mg,2022,8,38
H0030,DP HALER,2022,8,32
H0031,DICLOGEN CREAM,2022,8,85
H0032,EMPA 10mg,2022,8,62
H0033,EMPA 25mg,2022,8,14
H0034,ENFAGROW A+,2022,8,10
H0035,FACIA WOMAN,2022,8,13
H0036,FACIA MEN,2022,8,10
H0037,FORACORT 400mg,2022,8,67
H0038,GLOW COLLAGEN,2022,8,40
H0039,GLUCERNA MILK,2022,8,14
H0040,IONAC GEL,2022,8,267
H0041,VITAGEN MILK,2022,8,58
H0042,VOLTRAN GEL,2022,8,48
H0043,VITAMIN B COMPLEX,2022,8,113
H0044,WINTERPAN CREAM 30g,2022,8,132
H0045,WIN CREAM 30g,2022,8,113
H0046,WORMIN 500mg,2022,8,430
H0047,ZINCOVIT TAB,2022,8,56
H0048,ZAART 50mg,2022,8,155
H0049,ZAART 25mg,2022,8,176
H0050,ZAART H,2022,8,43
H0001,ASTHALIN 400mg,2022,9,65
H0002,ALLERMIN SYRUP ,2022,9,47
H0003,AXCIL SYRUP,2022,9,68
H0004,ASTHALIN 200mg,2022,9,30
H0005,ALERID 10mg,2022,9,61
H0006,AZEE 500mg,2022,9,37
H0007,AZEE 250mg,2022,9,121
H0008,ATOLIP 40mg,2022,9,31
H0009,ATOLIP 10mg,2022,9,166
H0010,ALRIN 180mg,2022,9,108
H0011,ASTHALIN INHALER,2022,9,97
H0012,ASTROCORT 1%,2022,9,28
H0013,BECOSULES CAPSULES,2022,9,38
H0014,BECOSULES SYRUP 200ml,2022,9,15
H0015,BECOZINC CAPSULES,2022,9,81
H0016,BIONA WOMAN,2022,9,12
H0017,BIO OIL 60,2022,9,10
H0018,BARAKA JOINTSAFE CAP,2022,9,19
H0019,BECO PLUS,2022,9,33
H0020,BACLON 5mg,2022,9,9
H0021,CEFEXIP SYRUP,2022,9,102
H0022,CLOXIL 250mg,2022,9,9
H0023,CLOXIL 500mg,2022,9,8
H0024,CURADERM CREAM,2022,9,19
H0025,CLEOW FACE WASH,2022,9,9
H0026,CEE TAB ORANGE,2022,9,16
H0027,CIPLOX EYE DROPS,2022,9,113
H0028,DUMESULES,2022,9,9
H0029,DICLOGEN 50mg,2022,9,36
H0030,DP HALER,2022,9,31
H0031,DICLOGEN CREAM,2022,9,85
H0032,EMPA 10mg,2022,9,62
H0033,EMPA 25mg,2022,9,14
H0034,ENFAGROW A+,2022,9,10
H0035,FACIA WOMAN,2022,9,13
H0036,FACIA MEN,2022,9,10
H0037,FORACORT 400mg,2022,9,67
H0038,GLOW COLLAGEN,2022,9,40
H0039,GLUCERNA MILK,2022,9,14
H0040,IONAC GEL,2022,9,267
H0041,VITAGEN MILK,2022,9,58
H0042,VOLTRAN GEL,2022,9,48
H0043,VITAMIN B COMPLEX,2022,9,113
H0044,WINTERPAN CREAM 30g,2022,9,132
H0045,WIN CREAM 30g,2022,9,113
H0046,WORMIN 500mg,2022,9,430
H0047,ZINCOVIT TAB,2022,9,56
H0048,ZAART 50mg,2022,9,155
H0049,ZAART 25mg,2022,9,178
H0050,ZAART H,2022,9,42
H0001,ASTHALIN 400mg,2022,10,66
H0002,ALLERMIN SYRUP ,2022,10,49
H0003,AXCIL SYRUP,2022,10,70
H0004,ASTHALIN 200mg,2022,10,32
H0005,ALERID 10mg,2022,10,63
H0006,AZEE 500mg,2022,10,39
H0007,AZEE 250mg,2022,10,123
H0008,ATOLIP 40mg,2022,10,31
H0009,ATOLIP 10mg,2022,10,168
H0010,ALRIN 180mg,2022,10,110
H0011,ASTHALIN INHALER,2022,10,97
H0012,ASTROCORT 1%,2022,10,28
H0013,BECOSULES CAPSULES,2022,10,40
H0014,BECOSULES SYRUP 200ml,2022,10,15
H0015,BECOZINC CAPSULES,2022,10,83
H0016,BIONA WOMAN,2022,10,12
H0017,BIO OIL 60,2022,10,10
H0018,BARAKA JOINTSAFE CAP,2022,10,19
H0019,BECO PLUS,2022,10,33
H0020,BACLON 5mg,2022,10,9
H0021,CEFEXIP SYRUP,2022,10,104
H0022,CLOXIL 250mg,2022,10,9
H0023,CLOXIL 500mg,2022,10,8
H0024,CURADERM CREAM,2022,10,19
H0025,CLEOW FACE WASH,2022,10,9
H0026,CEE TAB ORANGE,2022,10,16
H0027,CIPLOX EYE DROPS,2022,10,112
H0028,DUMESULES,2022,10,9
H0029,DICLOGEN 50mg,2022,10,36
H0030,DP HALER,2022,10,31
H0031,DICLOGEN CREAM,2022,10,85
H0032,EMPA 10mg,2022,10,62
H0033,EMPA 25mg,2022,10,14
H0034,ENFAGROW A+,2022,10,10
H0035,FACIA WOMAN,2022,10,13
H0036,FACIA MEN,2022,10,10
H0037,FORACORT 400mg,2022,10,67
H0038,GLOW COLLAGEN,2022,10,40
H0039,GLUCERNA MILK,2022,10,14
H0040,IONAC GEL,2022,10,267
H0041,VITAGEN MILK,2022,10,58
H0042,VOLTRAN GEL,2022,10,48
H0043,VITAMIN B COMPLEX,2022,10,113
H0044,WINTERPAN CREAM 30g,2022,10,132
H0045,WIN CREAM 30g,2022,10,113
H0046,WORMIN 500mg,2022,10,430
H0047,ZINCOVIT TAB,2022,10,56
H0048,ZAART 50mg,2022,10,155
H0049,ZAART 25mg,2022,10,177
H0050,ZAART H,2022,10,44
H0001,ASTHALIN 400mg,2022,11,68
H0002,ALLERMIN SYRUP ,2022,11,44
H0003,AXCIL SYRUP,2022,11,69
H0004,ASTHALIN 200mg,2022,11,28
H0005,ALERID 10mg,2022,11,60
H0006,AZEE 500mg,2022,11,39
H0007,AZEE 250mg,2022,11,124
H0008,ATOLIP 40mg,2022,11,36
H0009,ATOLIP 10mg,2022,11,167
H0010,ALRIN 180mg,2022,11,111
H0011,ASTHALIN INHALER,2022,11,100
H0012,ASTROCORT 1%,2022,11,29
H0013,BECOSULES CAPSULES,2022,11,35
H0014,BECOSULES SYRUP 200ml,2022,11,16
H0015,BECOZINC CAPSULES,2022,11,80
H0016,BIONA WOMAN,2022,11,10
H0017,BIO OIL 60,2022,11,10
H0018,BARAKA JOINTSAFE CAP,2022,11,19
H0019,BECO PLUS,2022,11,32
H0020,BACLON 5mg,2022,11,11
H0021,CEFEXIP SYRUP,2022,11,105
H0022,CLOXIL 250mg,2022,11,12
H0023,CLOXIL 500mg,2022,11,10
H0024,CURADERM CREAM,2022,11,21
H0025,CLEOW FACE WASH,2022,11,11
H0026,CEE TAB ORANGE,2022,11,18
H0027,CIPLOX EYE DROPS,2022,11,113
H0028,DUMESULES,2022,11,9
H0029,DICLOGEN 50mg,2022,11,38
H0030,DP HALER,2022,11,32
H0031,DICLOGEN CREAM,2022,11,85
H0032,EMPA 10mg,2022,11,62
H0033,EMPA 25mg,2022,11,14
H0034,ENFAGROW A+,2022,11,10
H0035,FACIA WOMAN,2022,11,13
H0036,FACIA MEN,2022,11,10
H0037,FORACORT 400mg,2022,11,67
H0038,GLOW COLLAGEN,2022,11,40
H0039,GLUCERNA MILK,2022,11,14
H0040,IONAC GEL,2022,11,267
H0041,VITAGEN MILK,2022,11,58
H0042,VOLTRAN GEL,2022,11,48
H0043,VITAMIN B COMPLEX,2022,11,112
H0044,WINTERPAN CREAM 30g,2022,11,132
H0045,WIN CREAM 30g,2022,11,113
H0046,WORMIN 500mg,2022,11,430
H0047,ZINCOVIT TAB,2022,11,56
H0048,ZAART 50mg,2022,11,155
H0049,ZAART 25mg,2022,11,176
H0050,ZAART H,2022,11,42
H0001,ASTHALIN 400mg,2022,12,65
H0002,ALLERMIN SYRUP ,2022,12,46
H0003,AXCIL SYRUP,2022,12,71
H0004,ASTHALIN 200mg,2022,12,30
H0005,ALERID 10mg,2022,12,62
H0006,AZEE 500mg,2022,12,41
H0007,AZEE 250mg,2022,12,126
H0008,ATOLIP 40mg,2022,12,38
H0009,ATOLIP 10mg,2022,12,169
H0010,ALRIN 180mg,2022,12,113
H0011,ASTHALIN INHALER,2022,12,101
H0012,ASTROCORT 1%,2022,12,30
H0013,BECOSULES CAPSULES,2022,12,37
H0014,BECOSULES SYRUP 200ml,2022,12,18
H0015,BECOZINC CAPSULES,2022,12,82
H0016,BIONA WOMAN,2022,12,11
H0017,BIO OIL 60,2022,12,11
H0018,BARAKA JOINTSAFE CAP,2022,12,20
H0019,BECO PLUS,2022,12,34
H0020,BACLON 5mg,2022,12,13
H0021,CEFEXIP SYRUP,2022,12,107
H0022,CLOXIL 250mg,2022,12,12
H0023,CLOXIL 500mg,2022,12,11
H0024,CURADERM CREAM,2022,12,23
H0025,CLEOW FACE WASH,2022,12,11
H0026,CEE TAB ORANGE,2022,12,20
H0027,CIPLOX EYE DROPS,2022,12,115
H0028,DUMESULES,2022,12,11
H0029,DICLOGEN 50mg,2022,12,40
H0030,DP HALER,2022,12,34
H0031,DICLOGEN CREAM,2022,12,87
H0032,EMPA 10mg,2022,12,64
H0033,EMPA 25mg,2022,12,16
H0034,ENFAGROW A+,2022,12,12
H0035,FACIA WOMAN,2022,12,15
H0036,FACIA MEN,2022,12,12
H0037,FORACORT 400mg,2022,12,69
H0038,GLOW COLLAGEN,2022,12,42
H0039,GLUCERNA MILK,2022,12,16
H0040,IONAC GEL,2022,12,269
H0041,VITAGEN MILK,2022,12,60
H0042,VOLTRAN GEL,2022,12,50
H0043,VITAMIN B COMPLEX,2022,12,114
H0044,WINTERPAN CREAM 30g,2022,12,134
H0045,WIN CREAM 30g,2022,12,115
H0046,WORMIN 500mg,2022,12,432
H0047,ZINCOVIT TAB,2022,12,58
H0048,ZAART 50mg,2022,12,157
H0049,ZAART 25mg,2022,12,178
H0050,ZAART H,2022,12,42
H0001,ASTHALIN 400mg,2023,1,80
H0002,ALLERMIN SYRUP ,2023,1,48
H0003,AXCIL SYRUP,2023,1,73
H0004,ASTHALIN 200mg,2023,1,32
H0005,ALERID 10mg,2023,1,64
H0006,AZEE 500mg,2023,1,43
H0007,AZEE 250mg,2023,1,128
H0008,ATOLIP 40mg,2023,1,40
H0009,ATOLIP 10mg,2023,1,171
H0010,ALRIN 180mg,2023,1,115
H0011,ASTHALIN INHALER,2023,1,103
H0012,ASTROCORT 1%,2023,1,32
H0013,BECOSULES CAPSULES,2023,1,39
H0014,BECOSULES SYRUP 200ml,2023,1,20
H0015,BECOZINC CAPSULES,2023,1,84
H0016,BIONA WOMAN,2023,1,13
H0017,BIO OIL 60,2023,1,13
H0018,BARAKA JOINTSAFE CAP,2023,1,22
H0019,BECO PLUS,2023,1,36
H0020,BACLON 5mg,2023,1,15
H0021,CEFEXIP SYRUP,2023,1,109
H0022,CLOXIL 250mg,2023,1,14
H0023,CLOXIL 500mg,2023,1,13
H0024,CURADERM CREAM,2023,1,25
H0025,CLEOW FACE WASH,2023,1,13
H0026,CEE TAB ORANGE,2023,1,22
H0027,CIPLOX EYE DROPS,2023,1,117
H0028,DUMESULES,2023,1,13
H0029,DICLOGEN 50mg,2023,1,42
H0030,DP HALER,2023,1,36
H0031,DICLOGEN CREAM,2023,1,89
H0032,EMPA 10mg,2023,1,66
H0033,EMPA 25mg,2023,1,18
H0034,ENFAGROW A+,2023,1,14
H0035,FACIA WOMAN,2023,1,17
H0036,FACIA MEN,2023,1,14
H0037,FORACORT 400mg,2023,1,71
H0038,GLOW COLLAGEN,2023,1,44
H0039,GLUCERNA MILK,2023,1,18
H0040,IONAC GEL,2023,1,271
H0041,VITAGEN MILK,2023,1,62
H0042,VOLTRAN GEL,2023,1,52
H0043,VITAMIN B COMPLEX,2023,1,116
H0044,WINTERPAN CREAM 30g,2023,1,136
H0045,WIN CREAM 30g,2023,1,117
H0046,WORMIN 500mg,2023,1,434
H0047,ZINCOVIT TAB,2023,1,60
H0048,ZAART 50mg,2023,1,159
H0049,ZAART 25mg,2023,1,180
H0050,ZAART H,2023,1,44
H0001,ASTHALIN 400mg,2023,2,71
H0002,ALLERMIN SYRUP ,2023,2,49
H0003,AXCIL SYRUP,2023,2,74
H0004,ASTHALIN 200mg,2023,2,33
H0005,ALERID 10mg,2023,2,65
H0006,AZEE 500mg,2023,2,44
H0007,AZEE 250mg,2023,2,129
H0008,ATOLIP 40mg,2023,2,42
H0009,ATOLIP 10mg,2023,2,173
H0010,ALRIN 180mg,2023,2,116
H0011,ASTHALIN INHALER,2023,2,105
H0012,ASTROCORT 1%,2023,2,33
H0013,BECOSULES CAPSULES,2023,2,41
H0014,BECOSULES SYRUP 200ml,2023,2,21
H0015,BECOZINC CAPSULES,2023,2,86
H0016,BIONA WOMAN,2023,2,14
H0017,BIO OIL 60,2023,2,13
H0018,BARAKA JOINTSAFE CAP,2023,2,24
H0019,BECO PLUS,2023,2,38
H0020,BACLON 5mg,2023,2,17
H0021,CEFEXIP SYRUP,2023,2,111
H0022,CLOXIL 250mg,2023,2,16
H0023,CLOXIL 500mg,2023,2,14
H0024,CURADERM CREAM,2023,2,27
H0025,CLEOW FACE WASH,2023,2,14
H0026,CEE TAB ORANGE,2023,2,24
H0027,CIPLOX EYE DROPS,2023,2,119
H0028,DUMESULES,2023,2,14
H0029,DICLOGEN 50mg,2023,2,44
H0030,DP HALER,2023,2,38
H0031,DICLOGEN CREAM,2023,2,91
H0032,EMPA 10mg,2023,2,68
H0033,EMPA 25mg,2023,2,20
H0034,ENFAGROW A+,2023,2,15
H0035,FACIA WOMAN,2023,2,18
H0036,FACIA MEN,2023,2,15
H0037,FORACORT 400mg,2023,2,73
H0038,GLOW COLLAGEN,2023,2,46
H0039,GLUCERNA MILK,2023,2,20
H0040,IONAC GEL,2023,2,273
H0041,VITAGEN MILK,2023,2,64
H0042,VOLTRAN GEL,2023,2,54
H0043,VITAMIN B COMPLEX,2023,2,118
H0044,WINTERPAN CREAM 30g,2023,2,138
H0045,WIN CREAM 30g,2023,2,119
H0046,WORMIN 500mg,2023,2,436
H0047,ZINCOVIT TAB,2023,2,62
H0048,ZAART 50mg,2023,2,161
H0049,ZAART 25mg,2023,2,182
H0050,ZAART H,2023,2,46
H0001,ASTHALIN 400mg,2023,3,75
H0002,ALLERMIN SYRUP ,2023,3,47
H0003,AXCIL SYRUP,2023,3,72
H0004,ASTHALIN 200mg,2023,3,31
H0005,ALERID 10mg,2023,3,64
H0006,AZEE 500mg,2023,3,42
H0007,AZEE 250mg,2023,3,128
H0008,ATOLIP 40mg,2023,3,41
H0009,ATOLIP 10mg,2023,3,172
H0010,ALRIN 180mg,2023,3,114
H0011,ASTHALIN INHALER,2023,3,104
H0012,ASTROCORT 1%,2023,3,32
H0013,BECOSULES CAPSULES,2023,3,40
H0014,BECOSULES SYRUP 200ml,2023,3,20
H0015,BECOZINC CAPSULES,2023,3,85
H0016,BIONA WOMAN,2023,3,13
H0017,BIO OIL 60,2023,3,11
H0018,BARAKA JOINTSAFE CAP,2023,3,23
H0019,BECO PLUS,2023,3,36
H0020,BACLON 5mg,2023,3,16
H0021,CEFEXIP SYRUP,2023,3,110
H0022,CLOXIL 250mg,2023,3,15
H0023,CLOXIL 500mg,2023,3,12
H0024,CURADERM CREAM,2023,3,26
H0025,CLEOW FACE WASH,2023,3,13
H0026,CEE TAB ORANGE,2023,3,23
H0027,CIPLOX EYE DROPS,2023,3,117
H0028,DUMESULES,2023,3,13
H0029,DICLOGEN 50mg,2023,3,42
H0030,DP HALER,2023,3,36
H0031,DICLOGEN CREAM,2023,3,89
H0032,EMPA 10mg,2023,3,66
H0033,EMPA 25mg,2023,3,19
H0034,ENFAGROW A+,2023,3,12
H0035,FACIA WOMAN,2023,3,17
H0036,FACIA MEN,2023,3,14
H0037,FORACORT 400mg,2023,3,72
H0038,GLOW COLLAGEN,2023,3,43
H0039,GLUCERNA MILK,2023,3,19
H0040,IONAC GEL,2023,3,271
H0041,VITAGEN MILK,2023,3,63
H0042,VOLTRAN GEL,2023,3,52
H0043,VITAMIN B COMPLEX,2023,3,116
H0044,WINTERPAN CREAM 30g,2023,3,137
H0045,WIN CREAM 30g,2023,3,117
H0046,WORMIN 500mg,2023,3,434
H0047,ZINCOVIT TAB,2023,3,61
H0048,ZAART 50mg,2023,3,159
H0049,ZAART 25mg,2023,3,181
H0050,ZAART H,2023,3,44
H0001,ASTHALIN 400mg,2023,4,84
H0002,ALLERMIN SYRUP ,2023,4,48
H0003,AXCIL SYRUP,2023,4,72
H0004,ASTHALIN 200mg,2023,4,31
H0005,ALERID 10mg,2023,4,64
H0006,AZEE 500mg,2023,4,42
H0007,AZEE 250mg,2023,4,128
H0008,ATOLIP 40mg,2023,4,41
H0009,ATOLIP 10mg,2023,4,172
H0010,ALRIN 180mg,2023,4,114
H0011,ASTHALIN INHALER,2023,4,104
H0012,ASTROCORT 1%,2023,4,32
H0013,BECOSULES CAPSULES,2023,4,40
H0014,BECOSULES SYRUP 200ml,2023,4,20
H0015,BECOZINC CAPSULES,2023,4,85
H0016,BIONA WOMAN,2023,4,13
H0017,BIO OIL 60,2023,4,11
H0018,BARAKA JOINTSAFE CAP,2023,4,23
H0019,BECO PLUS,2023,4,36
H0020,BACLON 5mg,2023,4,16
H0021,CEFEXIP SYRUP,2023,4,110
H0022,CLOXIL 250mg,2023,4,15
H0023,CLOXIL 500mg,2023,4,12
H0024,CURADERM CREAM,2023,4,26
H0025,CLEOW FACE WASH,2023,4,13
H0026,CEE TAB ORANGE,2023,4,23
H0027,CIPLOX EYE DROPS,2023,4,117
H0028,DUMESULES,2023,4,13
H0029,DICLOGEN 50mg,2023,4,42
H0030,DP HALER,2023,4,36
H0031,DICLOGEN CREAM,2023,4,89
H0032,EMPA 10mg,2023,4,66
H0033,EMPA 25mg,2023,4,19
H0034,ENFAGROW A+,2023,4,12
H0035,FACIA WOMAN,2023,4,17
H0036,FACIA MEN,2023,4,14
H0037,FORACORT 400mg,2023,4,72
H0038,GLOW COLLAGEN,2023,4,43
H0039,GLUCERNA MILK,2023,4,19
H0040,IONAC GEL,2023,4,271
H0041,VITAGEN MILK,2023,4,63
H0042,VOLTRAN GEL,2023,4,52
H0043,VITAMIN B COMPLEX,2023,4,116
H0044,WINTERPAN CREAM 30g,2023,4,137
H0045,WIN CREAM 30g,2023,4,117
H0046,WORMIN 500mg,2023,4,436
H0047,ZINCOVIT TAB,2023,4,61
H0048,ZAART 50mg,2023,4,159
H0049,ZAART 25mg,2023,4,181
H0050,ZAART H,2023,4,46
